amrs_concept_id,kenyaemr_concept_uuid
1724,423c034e-14ac-4243-ae75-80d1daddce55
1724,164144AAAAAAAAAAAAAAAAAAAAAAAAAAAAAA
1724,160563AAAAAAAAAAAAAAAAAAAAAAAAAAAAAA
1724,4bd29eed-e486-426d-a2b6-7e5bb75319f6
1724,159833AAAAAAAAAAAAAAAAAAAAAAAAAAAAAA
6750,161358AAAAAAAAAAAAAAAAAAAAAAAAAAAAAA
6749,160540AAAAAAAAAAAAAAAAAAAAAAAAAAAAAA
6749,159938AAAAAAAAAAAAAAAAAAAAAAAAAAAAAA
6749,160539AAAAAAAAAAAAAAAAAAAAAAAAAAAAAA
6749,159937AAAAAAAAAAAAAAAAAAAAAAAAAAAAAA
6749,160536AAAAAAAAAAAAAAAAAAAAAAAAAAAAAA
6749,160537AAAAAAAAAAAAAAAAAAAAAAAAAAAAAA
6749,160541AAAAAAAAAAAAAAAAAAAAAAAAAAAAAA
6749,160542AAAAAAAAAAAAAAAAAAAAAAAAAAAAAA
6749,162050AAAAAAAAAAAAAAAAAAAAAAAAAAAAAA
6749,160551AAAAAAAAAAAAAAAAAAAAAAAAAAAAAA
6749,5622AAAAAAAAAAAAAAAAAAAAAAAAAAAAAAAA
1915,160632AAAAAAAAAAAAAAAAAAAAAAAAAAAAAA
10747,160534AAAAAAAAAAAAAAAAAAAAAAAAAAAAAA
10748,160535AAAAAAAAAAAAAAAAAAAAAAAAAAAAAA
7013,160555AAAAAAAAAAAAAAAAAAAAAAAAAAAAAA
1499,159599AAAAAAAAAAAAAAAAAAAAAAAAAAAAAA
9203,160554AAAAAAAAAAAAAAAAAAAAAAAAAAAAAA
6748,162724AAAAAAAAAAAAAAAAAAAAAAAAAAAAAA
5356,5356AAAAAAAAAAAAAAAAAAAAAAAAAAAAAAAA
5356,1204AAAAAAAAAAAAAAAAAAAAAAAAAAAAAAAA
5356,1205AAAAAAAAAAAAAAAAAAAAAAAAAAAAAAAA
5356,1206AAAAAAAAAAAAAAAAAAAAAAAAAAAAAAAA
5356,1207AAAAAAAAAAAAAAAAAAAAAAAAAAAAAAAA
5356,5356AAAAAAAAAAAAAAAAAAAAAAAAAAAAAAAA
5356,1220AAAAAAAAAAAAAAAAAAAAAAAAAAAAAAAA
5356,1221AAAAAAAAAAAAAAAAAAAAAAAAAAAAAAAA
5356,1222AAAAAAAAAAAAAAAAAAAAAAAAAAAAAAAA
5356,1223AAAAAAAAAAAAAAAAAAAAAAAAAAAAAAAA
1633,160533AAAAAAAAAAAAAAAAAAAAAAAAAAAAAA
1633,1065AAAAAAAAAAAAAAAAAAAAAAAAAAAAAAAA
1633,1066AAAAAAAAAAAAAAAAAAAAAAAAAAAAAAAA
2155,160741AAAAAAAAAAAAAAAAAAAAAAAAAAAAAA
2155,1148AAAAAAAAAAAAAAAAAAAAAAAAAAAAAAAA
2155,1691AAAAAAAAAAAAAAAAAAAAAAAAAAAAAAAA
2155,166536AAAAAAAAAAAAAAAAAAAAAAAAAAAAAA
2155,1185AAAAAAAAAAAAAAAAAAAAAAAAAAAAAAAA
966,966AAAAAAAAAAAAAAAAAAAAAAAAAAAAAAAAA
966,6dec7d7d-0fda-4e8d-8295-cb6ef426878d
966,9fb85385-b4fb-468c-b7c1-22f75834b4b0
966,4dc0119b-b2a6-4565-8d90-174b97ba31db
966,164505AAAAAAAAAAAAAAAAAAAAAAAAAAAAAA
966,792AAAAAAAAAAAAAAAAAAAAAAAAAAAAAAAAA
966,160124AAAAAAAAAAAAAAAAAAAAAAAAAAAAAA
966,160104AAAAAAAAAAAAAAAAAAAAAAAAAAAAAA
966,1652AAAAAAAAAAAAAAAAAAAAAAAAAAAAAAAA
966,161361AAAAAAAAAAAAAAAAAAAAAAAAAAAAAA
966,104565AAAAAAAAAAAAAAAAAAAAAAAAAAAAAA
966,162201AAAAAAAAAAAAAAAAAAAAAAAAAAAAAA
966,817AAAAAAAAAAAAAAAAAAAAAAAAAAAAAAAAA
966,162199AAAAAAAAAAAAAAAAAAAAAAAAAAAAAA
966,162200AAAAAAAAAAAAAAAAAAAAAAAAAAAAAA
966,162565AAAAAAAAAAAAAAAAAAAAAAAAAAAAAA
966,1652AAAAAAAAAAAAAAAAAAAAAAAAAAAAAAAA
966,162561AAAAAAAAAAAAAAAAAAAAAAAAAAAAAA
966,164511AAAAAAAAAAAAAAAAAAAAAAAAAAAAAA
966,164512AAAAAAAAAAAAAAAAAAAAAAAAAAAAAA
966,
966,162563AAAAAAAAAAAAAAAAAAAAAAAAAAAAAA
966,162562AAAAAAAAAAAAAAAAAAAAAAAAAAAAAA
966,162559AAAAAAAAAAAAAAAAAAAAAAAAAAAAAA
1088,1088AAAAAAAAAAAAAAAAAAAAAAAAAAAAAAAA
1088,6dec7d7d-0fda-4e8d-8295-cb6ef426878d
1088,9fb85385-b4fb-468c-b7c1-22f75834b4b0
1088,4dc0119b-b2a6-4565-8d90-174b97ba31db
1088,164505AAAAAAAAAAAAAAAAAAAAAAAAAAAAAA
1088,792AAAAAAAAAAAAAAAAAAAAAAAAAAAAAAAAA
1088,160124AAAAAAAAAAAAAAAAAAAAAAAAAAAAAA
1088,160104AAAAAAAAAAAAAAAAAAAAAAAAAAAAAA
1088,1652AAAAAAAAAAAAAAAAAAAAAAAAAAAAAAAA
1088,161361AAAAAAAAAAAAAAAAAAAAAAAAAAAAAA
1088,104565AAAAAAAAAAAAAAAAAAAAAAAAAAAAAA
1088,162201AAAAAAAAAAAAAAAAAAAAAAAAAAAAAA
1088,817AAAAAAAAAAAAAAAAAAAAAAAAAAAAAAAAA
1088,162199AAAAAAAAAAAAAAAAAAAAAAAAAAAAAA
1088,162200AAAAAAAAAAAAAAAAAAAAAAAAAAAAAA
1088,162565AAAAAAAAAAAAAAAAAAAAAAAAAAAAAA
1088,1652AAAAAAAAAAAAAAAAAAAAAAAAAAAAAAAA
1088,162561AAAAAAAAAAAAAAAAAAAAAAAAAAAAAA
1088,164511AAAAAAAAAAAAAAAAAAAAAAAAAAAAAA
1088,164512AAAAAAAAAAAAAAAAAAAAAAAAAAAAAA
1088,
2056,1066AAAAAAAAAAAAAAAAAAAAAAAAAAAAAAAA
2056,1066AAAAAAAAAAAAAAAAAAAAAAAAAAAAAAAA
2056,1065AAAAAAAAAAAAAAAAAAAAAAAAAAAAAAAA
",,",5089AAAAAAAAAAAAAAAAAAAAAAAAAAAAAAAA
5090,5090AAAAAAAAAAAAAAAAAAAAAAAAAAAAAAAA
5090,
1343,1343AAAAAAAAAAAAAAAAAAAAAAAAAAAAAAAA
5629,5629AAAAAAAAAAAAAAAAAAAAAAAAAAAAAAAA
5629,1065AAAAAAAAAAAAAAAAAAAAAAAAAAAAAAAA
5629,1066AAAAAAAAAAAAAAAAAAAAAAAAAAAAAAAA
1174,1174AAAAAAAAAAAAAAAAAAAAAAAAAAAAAAAA
1174,1065AAAAAAAAAAAAAAAAAAAAAAAAAAAAAAAA
1174,1066AAAAAAAAAAAAAAAAAAAAAAAAAAAAAAAA
10653,160638AAAAAAAAAAAAAAAAAAAAAAAAAAAAAA
10873,160642AAAAAAAAAAAAAAAAAAAAAAAAAAAAAA
10872,160641AAAAAAAAAAAAAAAAAAAAAAAAAAAAAA
ui-select-extended,160638AAAAAAAAAAAAAAAAAAAAAAAAAAAAAA
10741,160640AAAAAAAAAAAAAAAAAAAAAAAAAAAAAA
10741,973AAAAAAAAAAAAAAAAAAAAAAAAAAAAAAAAA
10741,972AAAAAAAAAAAAAAAAAAAAAAAAAAAAAAAAA
10741,160639AAAAAAAAAAAAAAAAAAAAAAAAAAAAAA
10741,1527AAAAAAAAAAAAAAAAAAAAAAAAAAAAAAAA
10741,5617AAAAAAAAAAAAAAAAAAAAAAAAAAAAAAAA
10741,5617AAAAAAAAAAAAAAAAAAAAAAAAAAAAAAAA
10741,5622AAAAAAAAAAAAAAAAAAAAAAAAAAAAAAAA
10873,160642AAAAAAAAAAAAAAAAAAAAAAAAAAAAAA
10872,160641AAAAAAAAAAAAAAAAAAAAAAAAAAAAAA
1246,1246AAAAAAAAAAAAAAAAAAAAAAAAAAAAAAAA
1246,1065AAAAAAAAAAAAAAAAAAAAAAAAAAAAAAAA
1246,1066AAAAAAAAAAAAAAAAAAAAAAAAAAAAAAAA
1412,161643AAAAAAAAAAAAAAAAAAAAAAAAAAAAAA
1412,978AAAAAAAAAAAAAAAAAAAAAAAAAAAAAAAAA
1412,161642AAAAAAAAAAAAAAAAAAAAAAAAAAAAAA
1412,159802AAAAAAAAAAAAAAAAAAAAAAAAAAAAAA
1412,5622AAAAAAAAAAAAAAAAAAAAAAAAAAAAAAAA
10653,160638AAAAAAAAAAAAAAAAAAAAAAAAAAAAAA
5088,5088AAAAAAAAAAAAAAAAAAAAAAAAAAAAAAAA
5087,5087AAAAAAAAAAAAAAAAAAAAAAAAAAAAAAAA
5085,5085AAAAAAAAAAAAAAAAAAAAAAAAAAAAAAAA
5086,5086AAAAAAAAAAAAAAAAAAAAAAAAAAAAAAAA
5242,5242AAAAAAAAAAAAAAAAAAAAAAAAAAAAAAAA
5092,5092AAAAAAAAAAAAAAAAAAAAAAAAAAAAAAAA
5089,5089AAAAAAAAAAAAAAAAAAAAAAAAAAAAAAAA
10805,163300AAAAAAAAAAAAAAAAAAAAAAAAAAAAAA
10805,1115AAAAAAAAAAAAAAAAAAAAAAAAAAAAAAAA
10805,163302AAAAAAAAAAAAAAAAAAAAAAAAAAAAAA
10805,163303AAAAAAAAAAAAAAAAAAAAAAAAAAAAAA
10805,114413AAAAAAAAAAAAAAAAAAAAAAAAAAAAAA
5090,5090AAAAAAAAAAAAAAAAAAAAAAAAAAAAAAAA
BMI,
1343,1343AAAAAAAAAAAAAAAAAAAAAAAAAAAAAAAA
9782,cf543666-ce76-4e91-8b8d-c0b54a436a2e
9782,5d308c8c-ad49-45e1-9885-e5d09a8e5587
9782,bf850dd4-309b-4cbd-9470-9d8110ea5550
6578,160581AAAAAAAAAAAAAAAAAAAAAAAAAAAAAA
6578,105AAAAAAAAAAAAAAAAAAAAAAAAAAAAAAAAA
6578,160666AAAAAAAAAAAAAAAAAAAAAAAAAAAAAA
6578,160578AAAAAAAAAAAAAAAAAAAAAAAAAAAAAA
6578,162198AAAAAAAAAAAAAAAAAAAAAAAAAAAAAA
6578,160578AAAAAAAAAAAAAAAAAAAAAAAAAAAAAA
6578,160579AAAAAAAAAAAAAAAAAAAAAAAAAAAAAA
6578,6096AAAAAAAAAAAAAAAAAAAAAAAAAAAAAAAA
6578,162277AAAAAAAAAAAAAAAAAAAAAAAAAAAAAA
6578,160666AAAAAAAAAAAAAAAAAAAAAAAAAAAAAA
12258,c67be9a5-f497-4082-af81-11753f65ed4b
12258,162277AAAAAAAAAAAAAAAAAAAAAAAAAAAAAA
12258,1142AAAAAAAAAAAAAAAAAAAAAAAAAAAAAAAA
12258,163488AAAAAAAAAAAAAAAAAAAAAAAAAAAAAA
5356,5356AAAAAAAAAAAAAAAAAAAAAAAAAAAAAAAA
5356,1204AAAAAAAAAAAAAAAAAAAAAAAAAAAAAAAA
5356,1205AAAAAAAAAAAAAAAAAAAAAAAAAAAAAAAA
5356,1206AAAAAAAAAAAAAAAAAAAAAAAAAAAAAAAA
5356,1207AAAAAAAAAAAAAAAAAAAAAAAAAAAAAAAA
5356,5356AAAAAAAAAAAAAAAAAAAAAAAAAAAAAAAA
5356,1220AAAAAAAAAAAAAAAAAAAAAAAAAAAAAAAA
5356,1221AAAAAAAAAAAAAAAAAAAAAAAAAAAAAAAA
5356,1222AAAAAAAAAAAAAAAAAAAAAAAAAAAAAAAA
5356,1223AAAAAAAAAAAAAAAAAAAAAAAAAAAAAAAA
6048,167394AAAAAAAAAAAAAAAAAAAAAAAAAAAAAA
6048,5006AAAAAAAAAAAAAAAAAAAAAAAAAAAAAAAA
6048,130364AAAAAAAAAAAAAAAAAAAAAAAAAAAAAA
6048,159214AAAAAAAAAAAAAAAAAAAAAAAAAAAAAA
6048,5330AAAAAAAAAAAAAAAAAAAAAAAAAAAAAAAA
6048,117543AAAAAAAAAAAAAAAAAAAAAAAAAAAAAA
6048,5012AAAAAAAAAAAAAAAAAAAAAAAAAAAAAAAA
6048,5018AAAAAAAAAAAAAAAAAAAAAAAAAAAAAAAA
6048,5027AAAAAAAAAAAAAAAAAAAAAAAAAAAAAAAA
6048,5334AAAAAAAAAAAAAAAAAAAAAAAAAAAAAAAA
6048,5337AAAAAAAAAAAAAAAAAAAAAAAAAAAAAAAA
6048,42AAAAAAAAAAAAAAAAAAAAAAAAAAAAAAAAAA
6048,5333AAAAAAAAAAAAAAAAAAAAAAAAAAAAAAAA
6048,133440AAAAAAAAAAAAAAAAAAAAAAAAAAAAAA
6048,148849AAAAAAAAAAAAAAAAAAAAAAAAAAAAAA
6048,823AAAAAAAAAAAAAAAAAAAAAAAAAAAAAAAAA
6048,137375AAAAAAAAAAAAAAAAAAAAAAAAAAAAAA
6048,1215AAAAAAAAAAAAAAAAAAAAAAAAAAAAAAAA
6048,1294AAAAAAAAAAAAAAAAAAAAAAAAAAAAAAAA
6048,990AAAAAAAAAAAAAAAAAAAAAAAAAAAAAAAAA
6048,143929AAAAAAAAAAAAAAAAAAAAAAAAAAAAAA
6048,110915AAAAAAAAAAAAAAAAAAAAAAAAAAAAAA
6048,160442AAAAAAAAAAAAAAAAAAAAAAAAAAAAAA
6048,5042AAAAAAAAAAAAAAAAAAAAAAAAAAAAAAAA
6048,143110AAAAAAAAAAAAAAAAAAAAAAAAAAAAAA
6048,136458AAAAAAAAAAAAAAAAAAAAAAAAAAAAAA
6048,5033AAAAAAAAAAAAAAAAAAAAAAAAAAAAAAAA
6048,160745AAAAAAAAAAAAAAAAAAAAAAAAAAAAAA
6048,154119AAAAAAAAAAAAAAAAAAAAAAAAAAAAAA
6048,5046AAAAAAAAAAAAAAAAAAAAAAAAAAAAAAAA
6048,131357AAAAAAAAAAAAAAAAAAAAAAAAAAAAAA
6048,146513AAAAAAAAAAAAAAAAAAAAAAAAAAAAAA
6048,160851AAAAAAAAAAAAAAAAAAAAAAAAAAAAAA
6048,155941AAAAAAAAAAAAAAAAAAAAAAAAAAAAAA
6048,116023AAAAAAAAAAAAAAAAAAAAAAAAAAAAAA
6048,123084AAAAAAAAAAAAAAAAAAAAAAAAAAAAAA
6048,153701AAAAAAAAAAAAAAAAAAAAAAAAAAAAAA
6048,825AAAAAAAAAAAAAAAAAAAAAAAAAAAAAAAAA
6048,1249AAAAAAAAAAAAAAAAAAAAAAAAAAAAAAAA
6048,113116AAAAAAAAAAAAAAAAAAAAAAAAAAAAAA
6048,132387AAAAAAAAAAAAAAAAAAAAAAAAAAAAAA
6048,148762AAAAAAAAAAAAAAAAAAAAAAAAAAAAAA
6048,159344AAAAAAAAAAAAAAAAAAAAAAAAAAAAAA
6048,1212AAAAAAAAAAAAAAAAAAAAAAAAAAAAAAAA
6048,159912AAAAAAAAAAAAAAAAAAAAAAAAAAAAAA
6048,1210AAAAAAAAAAAAAAAAAAAAAAAAAAAAAAAA
6048,127784AAAAAAAAAAAAAAAAAAAAAAAAAAAAAA
6048,134722AAAAAAAAAAAAAAAAAAAAAAAAAAAAAA
6048,163282AAAAAAAAAAAAAAAAAAAAAAAAAAAAAA
6048,5337AAAAAAAAAAAAAAAAAAAAAAAAAAAAAAAA
6048,160515AAAAAAAAAAAAAAAAAAAAAAAAAAAAAA
6048,135458AAAAAAAAAAAAAAAAAAAAAAAAAAAAAA
6048,163712AAAAAAAAAAAAAAAAAAAAAAAAAAAAAA
6048,153701AAAAAAAAAAAAAAAAAAAAAAAAAAAAAA
6048,162331AAAAAAAAAAAAAAAAAAAAAAAAAAAAAA
6048,130021AAAAAAAAAAAAAAAAAAAAAAAAAAAAAA
6048,146518AAAAAAAAAAAAAAAAAAAAAAAAAAAAAA
6048,143744AAAAAAAAAAAAAAAAAAAAAAAAAAAAAA
5219,5219AAAAAAAAAAAAAAAAAAAAAAAAAAAAAAAA
1154,1065AAAAAAAAAAAAAAAAAAAAAAAAAAAAAAAA
1154,1066AAAAAAAAAAAAAAAAAAAAAAAAAAAAAAAA
,160531AAAAAAAAAAAAAAAAAAAAAAAAAAAAAA
5219,5219AAAAAAAAAAAAAAAAAAAAAAAAAAAAAAAA
5219,151AAAAAAAAAAAAAAAAAAAAAAAAAAAAAAAAA
5219,141631AAAAAAAAAAAAAAAAAAAAAAAAAAAAAA
5219,121543AAAAAAAAAAAAAAAAAAAAAAAAAAAAAA
5219,119537AAAAAAAAAAAAAAAAAAAAAAAAAAAAAA
5219,148035AAAAAAAAAAAAAAAAAAAAAAAAAAAAAA
5219,840AAAAAAAAAAAAAAAAAAAAAAAAAAAAAAAAA
5219,131021AAAAAAAAAAAAAAAAAAAAAAAAAAAAAA
5219,120749AAAAAAAAAAAAAAAAAAAAAAAAAAAAAA
5219,871AAAAAAAAAAAAAAAAAAAAAAAAAAAAAAAAA
5219,120345AAAAAAAAAAAAAAAAAAAAAAAAAAAAAA
5219,119574AAAAAAAAAAAAAAAAAAAAAAAAAAAAAA
5219,113054AAAAAAAAAAAAAAAAAAAAAAAAAAAAAA
5219,206AAAAAAAAAAAAAAAAAAAAAAAAAAAAAAAAA
5219,143264AAAAAAAAAAAAAAAAAAAAAAAAAAAAAA
5219,143129AAAAAAAAAAAAAAAAAAAAAAAAAAAAAA
5219,142412AAAAAAAAAAAAAAAAAAAAAAAAAAAAAA
5219,122496AAAAAAAAAAAAAAAAAAAAAAAAAAAAAA
5219,118789AAAAAAAAAAAAAAAAAAAAAAAAAAAAAA
5219,141830AAAAAAAAAAAAAAAAAAAAAAAAAAAAAA
5219,141585AAAAAAAAAAAAAAAAAAAAAAAAAAAAAA
5219,141128AAAAAAAAAAAAAAAAAAAAAAAAAAAAAA
5219,131040AAAAAAAAAAAAAAAAAAAAAAAAAAAAAA
5219,114399AAAAAAAAAAAAAAAAAAAAAAAAAAAAAA
5219,162626AAAAAAAAAAAAAAAAAAAAAAAAAAAAAA
5219,140238AAAAAAAAAAAAAAAAAAAAAAAAAAAAAA
5219,140070AAAAAAAAAAAAAAAAAAAAAAAAAAAAAA
5219,123396AAAAAAAAAAAAAAAAAAAAAAAAAAAAAA
5219,142247AAAAAAAAAAAAAAAAAAAAAAAAAAAAAA
5219,135462AAAAAAAAAAAAAAAAAAAAAAAAAAAAAA
5219,139084AAAAAAAAAAAAAAAAAAAAAAAAAAAAAA
5219,117698AAAAAAAAAAAAAAAAAAAAAAAAAAAAAA
5219,116214AAAAAAAAAAAAAAAAAAAAAAAAAAAAAA
5219,112989AAAAAAAAAAAAAAAAAAAAAAAAAAAAAA
5219,879AAAAAAAAAAAAAAAAAAAAAAAAAAAAAAAAA
5219,116558AAAAAAAAAAAAAAAAAAAAAAAAAAAAAA
5219,114395AAAAAAAAAAAAAAAAAAAAAAAAAAAAAA
5219,135595AAAAAAAAAAAAAAAAAAAAAAAAAAAAAA
5219,135488AAAAAAAAAAAAAAAAAAAAAAAAAAAAAA
5219,121657AAAAAAAAAAAAAAAAAAAAAAAAAAAAAA
5219,144576AAAAAAAAAAAAAAAAAAAAAAAAAAAAAA
5219,116334AAAAAAAAAAAAAAAAAAAAAAAAAAAAAA
5219,131015AAAAAAAAAAAAAAAAAAAAAAAAAAAAAA
5219,111721AAAAAAAAAAAAAAAAAAAAAAAAAAAAAA
5219,133028AAAAAAAAAAAAAAAAAAAAAAAAAAAAAA
5219,133632AAAAAAAAAAAAAAAAAAAAAAAAAAAAAA
5219,5978AAAAAAAAAAAAAAAAAAAAAAAAAAAAAAAA
5219,133469AAAAAAAAAAAAAAAAAAAAAAAAAAAAAA
5219,133027AAAAAAAAAAAAAAAAAAAAAAAAAAAAAA
5219,132653AAAAAAAAAAAAAAAAAAAAAAAAAAAAAA
5219,125225AAAAAAAAAAAAAAAAAAAAAAAAAAAAAA
5219,131034AAAAAAAAAAAAAAAAAAAAAAAAAAAAAA
5219,5953AAAAAAAAAAAAAAAAAAAAAAAAAAAAAAAA
5219,512AAAAAAAAAAAAAAAAAAAAAAAAAAAAAAAAA
5219,127777AAAAAAAAAAAAAAAAAAAAAAAAAAAAAA
5219,113224AAAAAAAAAAAAAAAAAAAAAAAAAAAAAA
5219,131032AAAAAAAAAAAAAAAAAAAAAAAAAAAAAA
5219,126535AAAAAAAAAAAAAAAAAAAAAAAAAAAAAA
5219,141597AAAAAAAAAAAAAAAAAAAAAAAAAAAAAA
5219,158843AAAAAAAAAAAAAAAAAAAAAAAAAAAAAA
5219,140941AAAAAAAAAAAAAAAAAAAAAAAAAAAAAA
5219,125198AAAAAAAAAAAAAAAAAAAAAAAAAAAAAA
5219,112200AAAAAAAAAAAAAAAAAAAAAAAAAAAAAA
5219,160208AAAAAAAAAAAAAAAAAAAAAAAAAAAAAA
5219,111525AAAAAAAAAAAAAAAAAAAAAAAAAAAAAA
5219,122983AAAAAAAAAAAAAAAAAAAAAAAAAAAAAA
5219,832AAAAAAAAAAAAAAAAAAAAAAAAAAAAAAAAA
5219,5622AAAAAAAAAAAAAAAAAAAAAAAAAAAAAAAA
10893,159368AAAAAAAAAAAAAAAAAAAAAAAAAAAAAA
,
10727,160430AAAAAAAAAAAAAAAAAAAAAAAAAAAAAA
6176,159798AAAAAAAAAAAAAAAAAAAAAAAAAAAAAA
6176,1065AAAAAAAAAAAAAAAAAAAAAAAAAAAAAAAA
6176,1066AAAAAAAAAAAAAAAAAAAAAAAAAAAAAAAA
9742,c49549c5-f761-408b-bc71-c0ae1fd16b73
9742,1065AAAAAAAAAAAAAAAAAAAAAAAAAAAAAAAA
9742,1066AAAAAAAAAAAAAAAAAAAAAAAAAAAAAAAA
10591,1adbdc14-2324-4298-90d1-5b590c3cf094
10591,1065AAAAAAAAAAAAAAAAAAAAAAAAAAAAAAAA
10591,1066AAAAAAAAAAAAAAAAAAAAAAAAAAAAAAAA
6174,159800AAAAAAAAAAAAAAAAAAAAAAAAAAAAAA
6174,159799AAAAAAAAAAAAAAAAAAAAAAAAAAAAAA
6174,1494AAAAAAAAAAAAAAAAAAAAAAAAAAAAAAAA
6174,832AAAAAAAAAAAAAAAAAAAAAAAAAAAAAAAAA
6174,133027AAAAAAAAAAAAAAAAAAAAAAAAAAAAAA
6174,124068AAAAAAAAAAAAAAAAAAAAAAAAAAAAAA
6174,116334AAAAAAAAAAAAAAAAAAAAAAAAAAAAAA
1271,1271AAAAAAAAAAAAAAAAAAAAAAAAAAAAAAAA
1271,307AAAAAAAAAAAAAAAAAAAAAAAAAAAAAAAAA
1271,12AAAAAAAAAAAAAAAAAAAAAAAAAAAAAAAAAA
1271,162202AAAAAAAAAAAAAAAAAAAAAAAAAAAAAA
1271,307AAAAAAAAAAAAAAAAAAAAAAAAAAAAAAAAA
1271,703AAAAAAAAAAAAAAAAAAAAAAAAAAAAAAAAA
1271,664AAAAAAAAAAAAAAAAAAAAAAAAAAAAAAAAA
12,307AAAAAAAAAAAAAAAAAAAAAAAAAAAAAAAAA
12,1115AAAAAAAAAAAAAAAAAAAAAAAAAAAAAAAA
12,152526AAAAAAAAAAAAAAAAAAAAAAAAAAAAAA
1272,1272AAAAAAAAAAAAAAAAAAAAAAAAAAAAAAAA
1272,1065AAAAAAAAAAAAAAAAAAAAAAAAAAAAAAAA
1272,1066AAAAAAAAAAAAAAAAAAAAAAAAAAAAAAAA
10761,162202AAAAAAAAAAAAAAAAAAAAAAAAAAAAAA
10761,664AAAAAAAAAAAAAAAAAAAAAAAAAAAAAAAAA
10761,162203AAAAAAAAAAAAAAAAAAAAAAAAAAAAAA
10761,162204AAAAAAAAAAAAAAAAAAAAAAAAAAAAAA
10761,164104AAAAAAAAAAAAAAAAAAAAAAAAAAAAAA
10761,163611AAAAAAAAAAAAAAAAAAAAAAAAAAAAAA
10761,1138AAAAAAAAAAAAAAAAAAAAAAAAAAAAAAAA
2028,163752AAAAAAAAAAAAAAAAAAAAAAAAAAAAAA
2028,703AAAAAAAAAAAAAAAAAAAAAAAAAAAAAAAAA
2028,664AAAAAAAAAAAAAAAAAAAAAAAAAAAAAAAAA
10676,163414AAAAAAAAAAAAAAAAAAAAAAAAAAAAAA
10676,703AAAAAAAAAAAAAAAAAAAAAAAAAAAAAAAAA
10676,664AAAAAAAAAAAAAAAAAAAAAAAAAAAAAAAAA
7502,162275AAAAAAAAAAAAAAAAAAAAAAAAAAAAAA
7502,1065AAAAAAAAAAAAAAAAAAAAAAAAAAAAAAAA
7502,1066AAAAAAAAAAAAAAAAAAAAAAAAAAAAAAAA
10677,162309AAAAAAAAAAAAAAAAAAAAAAAAAAAAAA
10677,1065AAAAAAAAAAAAAAAAAAAAAAAAAAAAAAAA
10677,1066AAAAAAAAAAAAAAAAAAAAAAAAAAAAAAAA
7637,161562AAAAAAAAAAAAAAAAAAAAAAAAAAAAAA
1113,1113AAAAAAAAAAAAAAAAAAAAAAAAAAAAAAAA
1111,1111AAAAAAAAAAAAAAAAAAAAAAAAAAAAAAAA
1111,1131AAAAAAAAAAAAAAAAAAAAAAAAAAAAAAAA
1111,768AAAAAAAAAAAAAAAAAAAAAAAAAAAAAAAAA
1111,159851AAAAAAAAAAAAAAAAAAAAAAAAAAAAAA
1111,1194AAAAAAAAAAAAAAAAAAAAAAAAAAAAAAAA
1111,1108AAAAAAAAAAAAAAAAAAAAAAAAAAAAAAAA
1111,75948AAAAAAAAAAAAAAAAAAAAAAAAAAAAAAA
1111,159909AAAAAAAAAAAAAAAAAAAAAAAAAAAAAA
1111,78280AAAAAAAAAAAAAAAAAAAAAAAAAAAAAAA
1111,82900AAAAAAAAAAAAAAAAAAAAAAAAAAAAAAA
1111,84360AAAAAAAAAAAAAAAAAAAAAAAAAAAAAAA
1111,83352AAAAAAAAAAAAAAAAAAAAAAAAAAAAAAA
1111,767AAAAAAAAAAAAAAAAAAAAAAAAAAAAAAAAA
1111,160096AAAAAAAAAAAAAAAAAAAAAAAAAAAAAA
1111,160092AAAAAAAAAAAAAAAAAAAAAAAAAAAAAA
1111,1108AAAAAAAAAAAAAAAAAAAAAAAAAAAAAAAA
1111,163753AAAAAAAAAAAAAAAAAAAAAAAAAAAAAA
1111,160094AAAAAAAAAAAAAAAAAAAAAAAAAAAAAA
1111,160095AAAAAAAAAAAAAAAAAAAAAAAAAAAAAA
1111,160093AAAAAAAAAAAAAAAAAAAAAAAAAAAAAA
8292,1659AAAAAAAAAAAAAAAAAAAAAAAAAAAAAAAA
8292,1660AAAAAAAAAAAAAAAAAAAAAAAAAAAAAAAA
8292,142177AAAAAAAAAAAAAAAAAAAAAAAAAAAAAA
8292,1662AAAAAAAAAAAAAAAAAAAAAAAAAAAAAAAA
8292,160737AAAAAAAAAAAAAAAAAAAAAAAAAAAAAA
11308,1727AAAAAAAAAAAAAAAAAAAAAAAAAAAAAAAA
8293,1729AAAAAAAAAAAAAAAAAAAAAAAAAAAAAAAA
8293,162311AAAAAAAAAAAAAAAAAAAAAAAAAAAAAA
8293,132652AAAAAAAAAAAAAAAAAAAAAAAAAAAAAA
8293,105191AAAAAAAAAAAAAAAAAAAAAAAAAAAAAA
8293,124994AAAAAAAAAAAAAAAAAAAAAAAAAAAAAA
10679,162276AAAAAAAAAAAAAAAAAAAAAAAAAAAAAA
10679,138571AAAAAAAAAAAAAAAAAAAAAAAAAAAAAA
10679,162277AAAAAAAAAAAAAAAAAAAAAAAAAAAAAA
10679,162278AAAAAAAAAAAAAAAAAAAAAAAAAAAAAA
10785,159098AAAAAAAAAAAAAAAAAAAAAAAAAAAAAA
-,1065AAAAAAAAAAAAAAAAAAAAAAAAAAAAAAAA
-,1066AAAAAAAAAAAAAAAAAAAAAAAAAAAAAAAA
10786,118983AAAAAAAAAAAAAAAAAAAAAAAAAAAAAA
,1065AAAAAAAAAAAAAAAAAAAAAAAAAAAAAAAA
,1066AAAAAAAAAAAAAAAAAAAAAAAAAAAAAAAA
10787,512AAAAAAAAAAAAAAAAAAAAAAAAAAAAAAAAA
,1065AAAAAAAAAAAAAAAAAAAAAAAAAAAAAAAA
,1066AAAAAAAAAAAAAAAAAAAAAAAAAAAAAAAA
10788,164075AAAAAAAAAAAAAAAAAAAAAAAAAAAAAA
10788,159405AAAAAAAAAAAAAAAAAAAAAAAAAAAAAA
10788,159406AAAAAAAAAAAAAAAAAAAAAAAAAAAAAA
10788,159407AAAAAAAAAAAAAAAAAAAAAAAAAAAAAA
1266,1266AAAAAAAAAAAAAAAAAAAAAAAAAAAAAAAA
1266,1267AAAAAAAAAAAAAAAAAAAAAAAAAAAAAAAA
1266,5240AAAAAAAAAAAAAAAAAAAAAAAAAAAAAAAA
1266,159836AAAAAAAAAAAAAAAAAAAAAAAAAAAAAA
1266,160034AAAAAAAAAAAAAAAAAAAAAAAAAAAAAA
1266,159492AAAAAAAAAAAAAAAAAAAAAAAAAAAAAA
1266,112141AAAAAAAAAAAAAAAAAAAAAAAAAAAAAA
1266,102AAAAAAAAAAAAAAAAAAAAAAAAAAAAAAAAA
10681,160557AAAAAAAAAAAAAAAAAAAAAAAAAAAAAA
10681,1065AAAAAAAAAAAAAAAAAAAAAAAAAAAAAAAA
10681,1066AAAAAAAAAAAAAAAAAAAAAAAAAAAAAAAA
,
6793,160643AAAAAAAAAAAAAAAAAAAAAAAAAAAAAA
6793,162543AAAAAAAAAAAAAAAAAAAAAAAAAAAAAA
6793,72609AAAAAAAAAAAAAAAAAAAAAAAAAAAAAAA
6793,162544AAAAAAAAAAAAAAAAAAAAAAAAAAAAAA
6793,162545AAAAAAAAAAAAAAAAAAAAAAAAAAAAAA
6793,162171AAAAAAAAAAAAAAAAAAAAAAAAAAAAAA
6793,162546AAAAAAAAAAAAAAAAAAAAAAAAAAAAAA
6793,162547AAAAAAAAAAAAAAAAAAAAAAAAAAAAAA
6793,162172AAAAAAAAAAAAAAAAAAAAAAAAAAAAAA
6793,162175AAAAAAAAAAAAAAAAAAAAAAAAAAAAAA
6793,162176AAAAAAAAAAAAAAAAAAAAAAAAAAAAAA
6793,162548AAAAAAAAAAAAAAAAAAAAAAAAAAAAAA
6793,162177AAAAAAAAAAAAAAAAAAAAAAAAAAAAAA
6793,162542AAAAAAAAAAAAAAAAAAAAAAAAAAAAAA
6793,162536AAAAAAAAAAAAAAAAAAAAAAAAAAAAAA
6793,162537AAAAAAAAAAAAAAAAAAAAAAAAAAAAAA
6793,162538AAAAAAAAAAAAAAAAAAAAAAAAAAAAAA
6793,162539AAAAAAAAAAAAAAAAAAAAAAAAAAAAAA
6793,162540AAAAAAAAAAAAAAAAAAAAAAAAAAAAAA
6793,162541AAAAAAAAAAAAAAAAAAAAAAAAAAAAAA
6793,5622AAAAAAAAAAAAAAAAAAAAAAAAAAAAAAAA
2031,159935AAAAAAAAAAAAAAAAAAAAAAAAAAAAAA
2031,1067AAAAAAAAAAAAAAAAAAAAAAAAAAAAAAAA
2031,121629AAAAAAAAAAAAAAAAAAAAAAAAAAAAAA
2031,148888AAAAAAAAAAAAAAAAAAAAAAAAAAAAAA
2031,148787AAAAAAAAAAAAAAAAAAAAAAAAAAAAAA
2031,120148AAAAAAAAAAAAAAAAAAAAAAAAAAAAAA
2031,108AAAAAAAAAAAAAAAAAAAAAAAAAAAAAAAAA
2031,143264AAAAAAAAAAAAAAAAAAAAAAAAAAAAAA
2031,142412AAAAAAAAAAAAAAAAAAAAAAAAAAAAAA
2031,118773AAAAAAAAAAAAAAAAAAAAAAAAAAAAAA
2031,140238AAAAAAAAAAAAAAAAAAAAAAAAAAAAAA
2031,140039AAAAAAAAAAAAAAAAAAAAAAAAAAAAAA
2031,139581AAAAAAAAAAAAAAAAAAAAAAAAAAAAAA
2031,139084AAAAAAAAAAAAAAAAAAAAAAAAAAAAAA
2031,159098AAAAAAAAAAAAAAAAAAAAAAAAAAAAAA
2031,111061AAAAAAAAAAAAAAAAAAAAAAAAAAAAAA
2031,117399AAAAAAAAAAAAAAAAAAAAAAAAAAAAAA
2031,879AAAAAAAAAAAAAAAAAAAAAAAAAAAAAAAAA
2031,121677AAAAAAAAAAAAAAAAAAAAAAAAAAAAAA
2031,159347AAAAAAAAAAAAAAAAAAAAAAAAAAAAAA
2031,121AAAAAAAAAAAAAAAAAAAAAAAAAAAAAAAAA
2031,512AAAAAAAAAAAAAAAAAAAAAAAAAAAAAAAAA
2031,5622AAAAAAAAAAAAAAAAAAAAAAAAAAAAAAAA
6968,162760AAAAAAAAAAAAAAAAAAAAAAAAAAAAAA
6968,160754AAAAAAAAAAAAAAAAAAAAAAAAAAAAAA
6968,160755AAAAAAAAAAAAAAAAAAAAAAAAAAAAAA
6968,160756AAAAAAAAAAAAAAAAAAAAAAAAAAAAAA
6968,160758AAAAAAAAAAAAAAAAAAAAAAAAAAAAAA
6968,1067AAAAAAAAAAAAAAAAAAAAAAAAAAAAAAAA
10706,160753AAAAAAAAAAAAAAAAAAAAAAAAAAAAAA
10239,162747AAAAAAAAAAAAAAAAAAAAAAAAAAAAAA
10239,1065AAAAAAAAAAAAAAAAAAAAAAAAAAAAAAAA
10239,1066AAAAAAAAAAAAAAAAAAAAAAAAAAAAAAAA
6137,159392AAAAAAAAAAAAAAAAAAAAAAAAAAAAAA
11679,1284AAAAAAAAAAAAAAAAAAAAAAAAAAAAAAAA
11679,149019AAAAAAAAAAAAAAAAAAAAAAAAAAAAAA
11679,148432AAAAAAAAAAAAAAAAAAAAAAAAAAAAAA
11679,153754AAAAAAAAAAAAAAAAAAAAAAAAAAAAAA
11679,159351AAAAAAAAAAAAAAAAAAAAAAAAAAAAAA
11679,119270AAAAAAAAAAAAAAAAAAAAAAAAAAAAAA
11679,120637AAAAAAAAAAAAAAAAAAAAAAAAAAAAAA
11679,145438AAAAAAAAAAAAAAAAAAAAAAAAAAAAAA
11679,1295AAAAAAAAAAAAAAAAAAAAAAAAAAAAAAAA
11679,120576AAAAAAAAAAAAAAAAAAAAAAAAAAAAAA
11679,119692AAAAAAAAAAAAAAAAAAAAAAAAAAAAAA
11679,120291AAAAAAAAAAAAAAAAAAAAAAAAAAAAAA
11679,118631AAAAAAAAAAAAAAAAAAAAAAAAAAAAAA
11679,119481AAAAAAAAAAAAAAAAAAAAAAAAAAAAAA
11679,117855AAAAAAAAAAAAAAAAAAAAAAAAAAAAAA
11679,117789AAAAAAAAAAAAAAAAAAAAAAAAAAAAAA
11679,139071AAAAAAAAAAAAAAAAAAAAAAAAAAAAAA
11679,115728AAAAAAAAAAAAAAAAAAAAAAAAAAAAAA
11679,117399AAAAAAAAAAAAAAAAAAAAAAAAAAAAAA
11679,117321AAAAAAAAAAAAAAAAAAAAAAAAAAAAAA
11679,151342AAAAAAAAAAAAAAAAAAAAAAAAAAAAAA
11679,133687AAAAAAAAAAAAAAAAAAAAAAAAAAAAAA
11679,115115AAAAAAAAAAAAAAAAAAAAAAAAAAAAAA
11679,114662AAAAAAAAAAAAAAAAAAAAAAAAAAAAAA
11679,117703AAAAAAAAAAAAAAAAAAAAAAAAAAAAAA
11679,118976AAAAAAAAAAAAAAAAAAAAAAAAAAAAAA
11679,5622AAAAAAAAAAAAAAAAAAAAAAAAAAAAAAAA
6137,159948AAAAAAAAAAAAAAAAAAAAAAAAAAAAAA
,166937AAAAAAAAAAAAAAAAAAAAAAAAAAAAAA
1065,1065AAAAAAAAAAAAAAAAAAAAAAAAAAAAAAAA
1066,1066AAAAAAAAAAAAAAAAAAAAAAAAAAAAAAAA
1664,121764AAAAAAAAAAAAAAAAAAAAAAAAAAAAAA
1664,1065AAAAAAAAAAAAAAAAAAAAAAAAAAAAAAAA
1664,1066AAAAAAAAAAAAAAAAAAAAAAAAAAAAAAAA
1193,1193AAAAAAAAAAAAAAAAAAAAAAAAAAAAAAAA
1193,70056AAAAAAAAAAAAAAAAAAAAAAAAAAAAAAA
1193,162298AAAAAAAAAAAAAAAAAAAAAAAAAAAAAA
1193,70878AAAAAAAAAAAAAAAAAAAAAAAAAAAAAAA
1193,162299AAAAAAAAAAAAAAAAAAAAAAAAAAAAAA
1193,103727AAAAAAAAAAAAAAAAAAAAAAAAAAAAAA
1193,71647AAAAAAAAAAAAAAAAAAAAAAAAAAAAAAA
1193,72822AAAAAAAAAAAAAAAAAAAAAAAAAAAAAAA
1193,162301AAAAAAAAAAAAAAAAAAAAAAAAAAAAAA
1193,73300AAAAAAAAAAAAAAAAAAAAAAAAAAAAAAA
1193,73667AAAAAAAAAAAAAAAAAAAAAAAAAAAAAAA
1193,74807AAAAAAAAAAAAAAAAAAAAAAAAAAAAAAA
1193,75523AAAAAAAAAAAAAAAAAAAAAAAAAAAAAAA
1193,162302AAAAAAAAAAAAAAAAAAAAAAAAAAAAAA
1193,75948AAAAAAAAAAAAAAAAAAAAAAAAAAAAAAA
1193,77164AAAAAAAAAAAAAAAAAAAAAAAAAAAAAAA
1193,162305AAAAAAAAAAAAAAAAAAAAAAAAAAAAAA
1193,77675AAAAAAAAAAAAAAAAAAAAAAAAAAAAAAA
1193,78280AAAAAAAAAAAAAAAAAAAAAAAAAAAAAAA
1193,794AAAAAAAAAAAAAAAAAAAAAAAAAAAAAAAAA
1193,80106AAAAAAAAAAAAAAAAAAAAAAAAAAAAAAA
1193,80586AAAAAAAAAAAAAAAAAAAAAAAAAAAAAAA
1193,80696AAAAAAAAAAAAAAAAAAAAAAAAAAAAAAA
1193,162306AAAAAAAAAAAAAAAAAAAAAAAAAAAAAA
1193,81723AAAAAAAAAAAAAAAAAAAAAAAAAAAAAAA
1193,81724AAAAAAAAAAAAAAAAAAAAAAAAAAAAAAA
1193,81959AAAAAAAAAAAAAAAAAAAAAAAAAAAAAAA
1193,82023AAAAAAAAAAAAAAAAAAAAAAAAAAAAAAA
1193,82559AAAAAAAAAAAAAAAAAAAAAAAAAAAAAAA
1193,82900AAAAAAAAAAAAAAAAAAAAAAAAAAAAAAA
1193,83018AAAAAAAAAAAAAAAAAAAAAAAAAAAAAAA
1193,767AAAAAAAAAAAAAAAAAAAAAAAAAAAAAAAAA
1193,162307AAAAAAAAAAAAAAAAAAAAAAAAAAAAAA
1193,84309AAAAAAAAAAAAAAAAAAAAAAAAAAAAAAA
1193,162170AAAAAAAAAAAAAAAAAAAAAAAAAAAAAA
1193,84795AAAAAAAAAAAAAAAAAAAAAAAAAAAAAAA
1193,84893AAAAAAAAAAAAAAAAAAAAAAAAAAAAAAA
1193,86663AAAAAAAAAAAAAAAAAAAAAAAAAAAAAAA
1193,5622AAAAAAAAAAAAAAAAAAAAAAAAAAAAAAAA
2031,159935AAAAAAAAAAAAAAAAAAAAAAAAAAAAAA
2031,1067AAAAAAAAAAAAAAAAAAAAAAAAAAAAAAAA
2031,121629AAAAAAAAAAAAAAAAAAAAAAAAAAAAAA
2031,148888AAAAAAAAAAAAAAAAAAAAAAAAAAAAAA
2031,148787AAAAAAAAAAAAAAAAAAAAAAAAAAAAAA
2031,120148AAAAAAAAAAAAAAAAAAAAAAAAAAAAAA
2031,108AAAAAAAAAAAAAAAAAAAAAAAAAAAAAAAAA
2031,143264AAAAAAAAAAAAAAAAAAAAAAAAAAAAAA
2031,142412AAAAAAAAAAAAAAAAAAAAAAAAAAAAAA
2031,118773AAAAAAAAAAAAAAAAAAAAAAAAAAAAAA
2031,140238AAAAAAAAAAAAAAAAAAAAAAAAAAAAAA
2031,140039AAAAAAAAAAAAAAAAAAAAAAAAAAAAAA
2031,139581AAAAAAAAAAAAAAAAAAAAAAAAAAAAAA
2031,139084AAAAAAAAAAAAAAAAAAAAAAAAAAAAAA
2031,159098AAAAAAAAAAAAAAAAAAAAAAAAAAAAAA
2031,111061AAAAAAAAAAAAAAAAAAAAAAAAAAAAAA
2031,117399AAAAAAAAAAAAAAAAAAAAAAAAAAAAAA
2031,879AAAAAAAAAAAAAAAAAAAAAAAAAAAAAAAAA
2031,121677AAAAAAAAAAAAAAAAAAAAAAAAAAAAAA
2031,159347AAAAAAAAAAAAAAAAAAAAAAAAAAAAAA
2031,121AAAAAAAAAAAAAAAAAAAAAAAAAAAAAAAAA
2031,512AAAAAAAAAAAAAAAAAAAAAAAAAAAAAAAAA
2031,5622AAAAAAAAAAAAAAAAAAAAAAAAAAAAAAAA
6968,162760AAAAAAAAAAAAAAAAAAAAAAAAAAAAAA
6968,160754AAAAAAAAAAAAAAAAAAAAAAAAAAAAAA
6968,160755AAAAAAAAAAAAAAAAAAAAAAAAAAAAAA
6968,160756AAAAAAAAAAAAAAAAAAAAAAAAAAAAAA
6968,162819AAAAAAAAAAAAAAAAAAAAAAAAAAAAAA
6968,1067AAAAAAAAAAAAAAAAAAAAAAAAAAAAAAAA
10706,160753AAAAAAAAAAAAAAAAAAAAAAAAAAAAAA
7897,1255AAAAAAAAAAAAAAAAAAAAAAAAAAAAAAAA
7897,1257AAAAAAAAAAAAAAAAAAAAAAAAAAAAAAAA
7897,1259AAAAAAAAAAAAAAAAAAAAAAAAAAAAAAAA
7897,981AAAAAAAAAAAAAAAAAAAAAAAAAAAAAAAAA
7897,1258AAAAAAAAAAAAAAAAAAAAAAAAAAAAAAAA
7897,1107AAAAAAAAAAAAAAAAAAAAAAAAAAAAAAAA
7897,1260AAAAAAAAAAAAAAAAAAAAAAAAAAAAAAAA
7897,5622AAAAAAAAAAAAAAAAAAAAAAAAAAAAAAAA
1198,1198AAAAAAAAAAAAAAAAAAAAAAAAAAAAAAAA
1198,886AAAAAAAAAAAAAAAAAAAAAAAAAAAAAAAAA
1198,82215AAAAAAAAAAAAAAAAAAAAAAAAAAAAAAA
1198,1423AAAAAAAAAAAAAAAAAAAAAAAAAAAAAAAA
1198,162342AAAAAAAAAAAAAAAAAAAAAAAAAAAAAA
1198,36AAAAAAAAAAAAAAAAAAAAAAAAAAAAAAAAAA
1198,
1198,782AAAAAAAAAAAAAAAAAAAAAAAAAAAAAAAAA
1198,5261AAAAAAAAAAAAAAAAAAAAAAAAAAAAAAAA
1198,5622AAAAAAAAAAAAAAAAAAAAAAAAAAAAAAAA
1915,160632AAAAAAAAAAAAAAAAAAAAAAAAAAAAAA
10707,162877AAAAAAAAAAAAAAAAAAAAAAAAAAAAAA
10707,1065AAAAAAAAAAAAAAAAAAAAAAAAAAAAAAAA
10707,1066AAAAAAAAAAAAAAAAAAAAAAAAAAAAAAAA
10707,1175AAAAAAAAAAAAAAAAAAAAAAAAAAAAAAAA
1836,1645AAAAAAAAAAAAAAAAAAAAAAAAAAAAAAAA
2061,160596AAAAAAAAAAAAAAAAAAAAAAAAAAAAAA
2061,1065AAAAAAAAAAAAAAAAAAAAAAAAAAAAAAAA
2061,1066AAAAAAAAAAAAAAAAAAAAAAAAAAAAAAAA
5272,5272AAAAAAAAAAAAAAAAAAAAAAAAAAAAAAAA
5272,1065AAAAAAAAAAAAAAAAAAAAAAAAAAAAAAAA
5272,1066AAAAAAAAAAAAAAAAAAAAAAAAAAAAAAAA
9736,b3b2fa9f-d4ac-42c1-8ac2-5cba19fa0403
9736,1065AAAAAAAAAAAAAAAAAAAAAAAAAAAAAAAA
9736,1066AAAAAAAAAAAAAAAAAAAAAAAAAAAAAAAA
10814,163530AAAAAAAAAAAAAAAAAAAAAAAAAAAAAA
5596,5596AAAAAAAAAAAAAAAAAAAAAAAAAAAAAAAA
12253,1719AAAAAAAAAAAAAAAAAAAAAAAAAAAAAAAA
12253,1065AAAAAAAAAAAAAAAAAAAAAAAAAAAAAAAA
12253,1066AAAAAAAAAAAAAAAAAAAAAAAAAAAAAAAA
10708,160080AAAAAAAAAAAAAAAAAAAAAAAAAAAAAA
7947,1823AAAAAAAAAAAAAAAAAAAAAAAAAAAAAAAA
5624,5624AAAAAAAAAAAAAAAAAAAAAAAAAAAAAAAA
5632,5632AAAAAAAAAAAAAAAAAAAAAAAAAAAAAAAA
5632,1065AAAAAAAAAAAAAAAAAAAAAAAAAAAAAAAA
5632,1066AAAAAAAAAAAAAAAAAAAAAAAAAAAAAAAA
8355,160653AAAAAAAAAAAAAAAAAAAAAAAAAAAAAA
8355,965AAAAAAAAAAAAAAAAAAAAAAAAAAAAAAAAA
8355,160652AAAAAAAAAAAAAAAAAAAAAAAAAAAAAA
8355,1360AAAAAAAAAAAAAAAAAAAAAAAAAAAAAAAA
374,374AAAAAAAAAAAAAAAAAAAAAAAAAAAAAAAAA
374,160570AAAAAAAAAAAAAAAAAAAAAAAAAAAAAA
374,780AAAAAAAAAAAAAAAAAAAAAAAAAAAAAAAAA
374,5279AAAAAAAAAAAAAAAAAAAAAAAAAAAAAAAA
374,1359AAAAAAAAAAAAAAAAAAAAAAAAAAAAAAAA
374,5275AAAAAAAAAAAAAAAAAAAAAAAAAAAAAAAA
374,136163AAAAAAAAAAAAAAAAAAAAAAAAAAAAAA
374,5278AAAAAAAAAAAAAAAAAAAAAAAAAAAAAAAA
374,5277AAAAAAAAAAAAAAAAAAAAAAAAAAAAAAAA
374,1472AAAAAAAAAAAAAAAAAAAAAAAAAAAAAAAA
374,190AAAAAAAAAAAAAAAAAAAAAAAAAAAAAAAAA
374,1489AAAAAAAAAAAAAAAAAAAAAAAAAAAAAAAA
6687,160575AAAAAAAAAAAAAAAAAAAAAAAAAAAAAA
6687,160572AAAAAAAAAAAAAAAAAAAAAAAAAAAAAA
6687,159524AAAAAAAAAAAAAAAAAAAAAAAAAAAAAA
6687,5622AAAAAAAAAAAAAAAAAAAAAAAAAAAAAAAA
1119,162737AAAAAAAAAAAAAAAAAAAAAAAAAAAAAA
1119,1107AAAAAAAAAAAAAAAAAAAAAAAAAAAAAAAA
1119,136443AAAAAAAAAAAAAAAAAAAAAAAAAAAAAA
1119,206AAAAAAAAAAAAAAAAAAAAAAAAAAAAAAAAA
1119,460AAAAAAAAAAAAAAAAAAAAAAAAAAAAAAAAA
1119,5334AAAAAAAAAAAAAAAAAAAAAAAAAAAAAAAA
1119,5245AAAAAAAAAAAAAAAAAAAAAAAAAAAAAAAA
1119,140125AAAAAAAAAAAAAAAAAAAAAAAAAAAAAA
1119,126952AAAAAAAAAAAAAAAAAAAAAAAAAAAAAA
1119,143050AAAAAAAAAAAAAAAAAAAAAAAAAAAAAA
1119,126939AAAAAAAAAAAAAAAAAAAAAAAAAAAAAA
1119,823AAAAAAAAAAAAAAAAAAAAAAAAAAAAAAAAA
1119,142630AAAAAAAAAAAAAAAAAAAAAAAAAAAAAA
1119,116334AAAAAAAAAAAAAAAAAAAAAAAAAAAAAA
1119,1861AAAAAAAAAAAAAAAAAAAAAAAAAAAAAAAA
10987,159615AAAAAAAAAAAAAAAAAAAAAAAAAAAAAA
10987,1115AAAAAAAAAAAAAAAAAAAAAAAAAAAAAAAA
10987,1116AAAAAAAAAAAAAAAAAAAAAAAAAAAAAAAA
1120,1120AAAAAAAAAAAAAAAAAAAAAAAAAAAAAAAA
1120,150555AAAAAAAAAAAAAAAAAAAAAAAAAAAAAA
1120,125201AAAAAAAAAAAAAAAAAAAAAAAAAAAAAA
1120,135591AAAAAAAAAAAAAAAAAAAAAAAAAAAAAA
1120,136455AAAAAAAAAAAAAAAAAAAAAAAAAAAAAA
1120,507AAAAAAAAAAAAAAAAAAAAAAAAAAAAAAAAA
1120,1249AAAAAAAAAAAAAAAAAAAAAAAAAAAAAAAA
1120,5244AAAAAAAAAAAAAAAAAAAAAAAAAAAAAAAA
10821,160981AAAAAAAAAAAAAAAAAAAAAAAAAAAAAA
7343,163309AAAAAAAAAAAAAAAAAAAAAAAAAAAAAA
7343,123074AAAAAAAAAAAAAAAAAAAAAAAAAAAAAA
7343,140940AAAAAAAAAAAAAAAAAAAAAAAAAAAAAA
7343,131040AAAAAAAAAAAAAAAAAAAAAAAAAAAAAA
7343,127777AAAAAAAAAAAAAAAAAAAAAAAAAAAAAA
7343,140827AAAAAAAAAAAAAAAAAAAAAAAAAAAAAA
7343,139100AAAAAAAAAAAAAAAAAAAAAAAAAAAAAA
7343,148175AAAAAAAAAAAAAAAAAAAAAAAAAAAAAA
7343,120860AAAAAAAAAAAAAAAAAAAAAAAAAAAAAA
7343,85620AAAAAAAAAAAAAAAAAAAAAAAAAAAAAAA
7343,147104AAAAAAAAAAAAAAAAAAAAAAAAAAAAAA
7343,130374AAAAAAAAAAAAAAAAAAAAAAAAAAAAAA
7343,516AAAAAAAAAAAAAAAAAAAAAAAAAAAAAAAAA
7343,127100AAAAAAAAAAAAAAAAAAAAAAAAAAAAAA
7343,122813AAAAAAAAAAAAAAAAAAAAAAAAAAAAAA
7343,140919AAAAAAAAAAAAAAAAAAAAAAAAAAAAAA
7343,113516AAAAAAAAAAAAAAAAAAAAAAAAAAAAAA
11705,850a960b-e8b5-4775-ba74-aaddb2abbf51
10845,f8fd8181-655e-4b32-97e3-4ae539c6de45
10845,148517AAAAAAAAAAAAAAAAAAAAAAAAAAAAAA
10845,139075AAAAAAAAAAAAAAAAAAAAAAAAAAAAAA
10845,119558AAAAAAAAAAAAAAAAAAAAAAAAAAAAAA
10845,118536AAAAAAAAAAAAAAAAAAAAAAAAAAAAAA
10845,106AAAAAAAAAAAAAAAAAAAAAAAAAAAAAAAAA
10845,147230AAAAAAAAAAAAAAAAAAAAAAAAAAAAAA
10845,135841AAAAAAAAAAAAAAAAAAAAAAAAAAAAAA
10845,117698AAAAAAAAAAAAAAAAAAAAAAAAAAAAAA
10845,138554AAAAAAAAAAAAAAAAAAAAAAAAAAAAAA
10845,507AAAAAAAAAAAAAAAAAAAAAAAAAAAAAAAAA
10845,152228AAAAAAAAAAAAAAAAAAAAAAAAAAAAAA
10845,128055AAAAAAAAAAAAAAAAAAAAAAAAAAAAAA
10845,133499AAAAAAAAAAAAAAAAAAAAAAAAAAAAAA
10845,160285AAAAAAAAAAAAAAAAAAAAAAAAAAAAAA
10845,110099AAAAAAAAAAAAAAAAAAAAAAAAAAAAAA
10845,126423AAAAAAAAAAAAAAAAAAAAAAAAAAAAAA
10845,126318AAAAAAAAAAAAAAAAAAAAAAAAAAAAAA
10845,158843AAAAAAAAAAAAAAAAAAAAAAAAAAAAAA
10845,5244AAAAAAAAAAAAAAAAAAAAAAAAAAAAAAAA
10845,5334AAAAAAAAAAAAAAAAAAAAAAAAAAAAAAAA
10845,123588AAAAAAAAAAAAAAAAAAAAAAAAAAAAAA
10845,124601AAAAAAAAAAAAAAAAAAAAAAAAAAAAAA
10845,123919AAAAAAAAAAAAAAAAAAAAAAAAAAAAAA
10845,111525AAAAAAAAAAAAAAAAAAAAAAAAAAAAAA
,462bfb69-b97e-425c-b387-ddd3a5c8653c
1123,1123AAAAAAAAAAAAAAAAAAAAAAAAAAAAAAAA
1123,146893AAAAAAAAAAAAAAAAAAAAAAAAAAAAAA
1123,145712AAAAAAAAAAAAAAAAAAAAAAAAAAAAAA
1123,164440AAAAAAAAAAAAAAAAAAAAAAAAAAAAAA
1123,127639AAAAAAAAAAAAAAAAAAAAAAAAAAAAAA
1123,5209AAAAAAAAAAAAAAAAAAAAAAAAAAAAAAAA
1123,
1123,
1123,
1123,
9467,163042AAAAAAAAAAAAAAAAAAAAAAAAAAAAAA
1124,1124AAAAAAAAAAAAAAAAAAAAAAAAAAAAAAAA
1124,140147AAAAAAAAAAAAAAAAAAAAAAAAAAAAAA
1124,136522AAAAAAAAAAAAAAAAAAAAAAAAAAAAAA
1124,562AAAAAAAAAAAAAAAAAAAAAAAAAAAAAAAAA
1124,130560AAAAAAAAAAAAAAAAAAAAAAAAAAAAAA
,163046AAAAAAAAAAAAAAAAAAAAAAAAAAAAAA
1125,1125AAAAAAAAAAAAAAAAAAAAAAAAAAAAAAAA
1125,150915AAAAAAAAAAAAAAAAAAAAAAAAAAAAAA
1125,5008AAAAAAAAAAAAAAAAAAAAAAAAAAAAAAAA
1125,5103AAAAAAAAAAAAAAAAAAAAAAAAAAAAAAAA
1125,5009AAAAAAAAAAAAAAAAAAAAAAAAAAAAAAAA
1125,5105AAAAAAAAAAAAAAAAAAAAAAAAAAAAAAAA
,160948AAAAAAAAAAAAAAAAAAAAAAAAAAAAAA
1129,752132fb-235c-45cd-8914-854c388e358f
1129,118872AAAAAAAAAAAAAAAAAAAAAAAAAAAAAA
1129,1836AAAAAAAAAAAAAAAAAAAAAAAAAAAAAAAA
1129,150817AAAAAAAAAAAAAAAAAAAAAAAAAAAAAA
1129,120345AAAAAAAAAAAAAAAAAAAAAAAAAAAAAA
1129,157498AAAAAAAAAAAAAAAAAAAAAAAAAAAAAA
1129,112721AAAAAAAAAAAAAAAAAAAAAAAAAAAAAA
1129,136282AAAAAAAAAAAAAAAAAAAAAAAAAAAAAA
,160994AAAAAAAAAAAAAAAAAAAAAAAAAAAAAA
1126,1126AAAAAAAAAAAAAAAAAAAAAAAAAAAAAAAA
1126,147241AAAAAAAAAAAAAAAAAAAAAAAAAAAAAA
1126,154311AAAAAAAAAAAAAAAAAAAAAAAAAAAAAA
1126,123529AAAAAAAAAAAAAAAAAAAAAAAAAAAAAA
1126,123396AAAAAAAAAAAAAAAAAAAAAAAAAAAAAA
1126,124087AAAAAAAAAAAAAAAAAAAAAAAAAAAAAA
1126,125207AAAAAAAAAAAAAAAAAAAAAAAAAAAAAA
1126,117829AAAAAAAAAAAAAAAAAAAAAAAAAAAAAA
1126,139505AAAAAAAAAAAAAAAAAAAAAAAAAAAAAA
1126,113122AAAAAAAAAAAAAAAAAAAAAAAAAAAAAA
1126,124965AAAAAAAAAAAAAAAAAAAAAAAAAAAAAA
1126,138010AAAAAAAAAAAAAAAAAAAAAAAAAAAAAA
,163047AAAAAAAAAAAAAAAAAAAAAAAAAAAAAA
1128,1128AAAAAAAAAAAAAAAAAAAAAAAAAAAAAAAA
1128,150823AAAAAAAAAAAAAAAAAAAAAAAAAAAAAA
1128,155871AAAAAAAAAAAAAAAAAAAAAAAAAAAAAA
1128,160395AAAAAAAAAAAAAAAAAAAAAAAAAAAAAA
1128,163851AAAAAAAAAAAAAAAAAAAAAAAAAAAAAA
1128,116557AAAAAAAAAAAAAAAAAAAAAAAAAAAAAA
1128,163894AAAAAAAAAAAAAAAAAAAAAAAAAAAAAA
1128,122764AAAAAAAAAAAAAAAAAAAAAAAAAAAAAA
1128,167237AAAAAAAAAAAAAAAAAAAAAAAAAAAAAA
1128,139047AAAAAAAAAAAAAAAAAAAAAAAAAAAAAA
1128,130166AAAAAAAAAAAAAAAAAAAAAAAAAAAAAA
1128,152959AAAAAAAAAAAAAAAAAAAAAAAAAAAAAA
1128,136421AAAAAAAAAAAAAAAAAAAAAAAAAAAAAA
1128,139116AAAAAAAAAAAAAAAAAAAAAAAAAAAAAA
1128,115476AAAAAAAAAAAAAAAAAAAAAAAAAAAAAA
,163048AAAAAAAAAAAAAAAAAAAAAAAAAAAAAA
6042,6042AAAAAAAAAAAAAAAAAAAAAAAAAAAAAAAA
7222,163104AAAAAAAAAAAAAAAAAAAAAAAAAAAAAA
1109,1109AAAAAAAAAAAAAAAAAAAAAAAAAAAAAAAA
1109,105281AAAAAAAAAAAAAAAAAAAAAAAAAAAAAA
1109,74250AAAAAAAAAAAAAAAAAAAAAAAAAAAAAAA
1109,1107AAAAAAAAAAAAAAAAAAAAAAAAAAAAAAAA
10831,161652AAAAAAAAAAAAAAAAAAAAAAAAAAAAAA
10831,161652AAAAAAAAAAAAAAAAAAAAAAAAAAAAAA
10831,159406AAAAAAAAAAAAAAAAAAAAAAAAAAAAAA
10831,159407AAAAAAAAAAAAAAAAAAAAAAAAAAAAAA
10831,1175AAAAAAAAAAAAAAAAAAAAAAAAAAAAAAAA
10832,162229AAAAAAAAAAAAAAAAAAAAAAAAAAAAAA
10832,1065AAAAAAAAAAAAAAAAAAAAAAAAAAAAAAAA
10832,1066AAAAAAAAAAAAAAAAAAAAAAAAAAAAAAAA
10832,1175AAAAAAAAAAAAAAAAAAAAAAAAAAAAAAAA
10833,f62b0135-00b1-4217-b98a-4ef3f771a08b
10833,159405AAAAAAAAAAAAAAAAAAAAAAAAAAAAAA
10833,159406AAAAAAAAAAAAAAAAAAAAAAAAAAAAAA
10833,159407AAAAAAAAAAAAAAAAAAAAAAAAAAAAAA
10834,b463005c-29e5-4146-84fe-d5ddf0def837
10834,1065AAAAAAAAAAAAAAAAAAAAAAAAAAAAAAAA
10834,1066AAAAAAAAAAAAAAAAAAAAAAAAAAAAAAAA
10834,1175AAAAAAAAAAAAAAAAAAAAAAAAAAAAAAAA
,
8288,1658AAAAAAAAAAAAAAAAAAAAAAAAAAAAAAAA
8288,159405AAAAAAAAAAAAAAAAAAAAAAAAAAAAAA
8288,159406AAAAAAAAAAAAAAAAAAAAAAAAAAAAAA
8288,159407AAAAAAAAAAAAAAAAAAAAAAAAAAAAAA
6287,159777AAAAAAAAAAAAAAAAAAAAAAAAAAAAAA
6287,1065AAAAAAAAAAAAAAAAAAAAAAAAAAAAAAAA
6287,1066AAAAAAAAAAAAAAAAAAAAAAAAAAAAAAAA
6287,159777AAAAAAAAAAAAAAAAAAAAAAAAAAAAAA
6259,112603AAAAAAAAAAAAAAAAAAAAAAAAAAAAAA
6259,1065AAAAAAAAAAAAAAAAAAAAAAAAAAAAAAAA
6259,1066AAAAAAAAAAAAAAAAAAAAAAAAAAAAAAAA
6259,1175AAAAAAAAAAAAAAAAAAAAAAAAAAAAAAAA
10726,159423AAAAAAAAAAAAAAAAAAAAAAAAAAAAAA
10726,1065AAAAAAAAAAAAAAAAAAAAAAAAAAAAAAAA
10726,1066AAAAAAAAAAAAAAAAAAAAAAAAAAAAAAAA
10726,1067AAAAAAAAAAAAAAAAAAAAAAAAAAAAAAAA
10726,1175AAAAAAAAAAAAAAAAAAAAAAAAAAAAAAAA
2312,161557AAAAAAAAAAAAAAAAAAAAAAAAAAAAAA
2312,1065AAAAAAAAAAAAAAAAAAAAAAAAAAAAAAAA
2312,1066AAAAAAAAAAAAAAAAAAAAAAAAAAAAAAAA
2312,1067AAAAAAAAAAAAAAAAAAAAAAAAAAAAAAAA
10400,06398e78-0d3e-43d5-8017-f2fc3865e2e0
10400,703AAAAAAAAAAAAAAAAAAAAAAAAAAAAAAAAA
10400,664AAAAAAAAAAAAAAAAAAAAAAAAAAAAAAAAA
10400,1118AAAAAAAAAAAAAAAAAAAAAAAAAAAAAAAA
10400,1175AAAAAAAAAAAAAAAAAAAAAAAAAAAAAAAA
9611,161558AAAAAAAAAAAAAAAAAAAAAAAAAAAAAA
9611,1065AAAAAAAAAAAAAAAAAAAAAAAAAAAAAAAA
9611,1066AAAAAAAAAAAAAAAAAAAAAAAAAAAAAAAA
9609,d8262701-da92-455a-b206-23e5918871f6
9609,1065AAAAAAAAAAAAAAAAAAAAAAAAAAAAAAAA
9609,1066AAAAAAAAAAAAAAAAAAAAAAAAAAAAAAAA
9070,1855AAAAAAAAAAAAAAAAAAAAAAAAAAAAAAAA
9070,1065AAAAAAAAAAAAAAAAAAAAAAAAAAAAAAAA
9070,1066AAAAAAAAAAAAAAAAAAAAAAAAAAAAAAAA
5096,5096AAAAAAAAAAAAAAAAAAAAAAAAAAAAAAAA
1835,160288AAAAAAAAAAAAAAAAAAAAAAAAAAAAAA
1835,160523AAAAAAAAAAAAAAAAAAAAAAAAAAAAAA
1835,1283AAAAAAAAAAAAAAAAAAAAAAAAAAAAAAAA
1835,159382AAAAAAAAAAAAAAAAAAAAAAAAAAAAAA
1835,160521AAAAAAAAAAAAAAAAAAAAAAAAAAAAAA
1835,5622AAAAAAAAAAAAAAAAAAAAAAAAAAAAAAAA
9605,162549AAAAAAAAAAAAAAAAAAAAAAAAAAAAAA
10988,1a2dba33-55d6-477a-b171-c09a489bc37f
10988,7e18712d-8cda-49f5-bfeb-940406cc2e32
10988,f55781c1-461c-4f44-b575-d87519d38c34
10988,53447431-147e-4071-9c12-f6baf9463c2f
10988,27b7ea34-4ea9-48b5-82a3-9981c430c808
10988,3740fc18-bb23-4ddc-bba7-b010fba072b7
1724,1687AAAAAAAAAAAAAAAAAAAAAAAAAAAAAAAA
1724,164144AAAAAAAAAAAAAAAAAAAAAAAAAAAAAA
1724,160119AAAAAAAAAAAAAAAAAAAAAAAAAAAAAA
10102,167321AAAAAAAAAAAAAAAAAAAAAAAAAAAAAA
10103,163088AAAAAAAAAAAAAAAAAAAAAAAAAAAAAA
10104,6098AAAAAAAAAAAAAAAAAAAAAAAAAAAAAAAA
10105,6c91dbf1-030d-4946-a45d-6f747f6c867b
10106,162736AAAAAAAAAAAAAAAAAAAAAAAAAAAAAA
10107,1743AAAAAAAAAAAAAAAAAAAAAAAAAAAAAAAA
10108,1779AAAAAAAAAAAAAAAAAAAAAAAAAAAAAAAA
10109,166365AAAAAAAAAAAAAAAAAAAAAAAAAAAAAA
5616,5616AAAAAAAAAAAAAAAAAAAAAAAAAAAAAAAA
5616,1066AAAAAAAAAAAAAAAAAAAAAAAAAAAAAAAA
5616,162979AAAAAAAAAAAAAAAAAAAAAAAAAAAAAA
5616,166982AAAAAAAAAAAAAAAAAAAAAAAAAAAAAA
10381,a869d37b-bf4d-4946-9318-15ff505211a5
10381,1065AAAAAAAAAAAAAAAAAAAAAAAAAAAAAAAA
10381,1066AAAAAAAAAAAAAAAAAAAAAAAAAAAAAAAA
12384,167161AAAAAAAAAAAAAAAAAAAAAAAAAAAAAA
12384,1065AAAAAAAAAAAAAAAAAAAAAAAAAAAAAAAA
12384,1066AAAAAAAAAAAAAAAAAAAAAAAAAAAAAAAA
1629,7a58e4da-3544-457b-84eb-014f65a01d83
1629,1065AAAAAAAAAAAAAAAAAAAAAAAAAAAAAAAA
1629,1066AAAAAAAAAAAAAAAAAAAAAAAAAAAAAAAA
-,161140AAAAAAAAAAAAAAAAAAAAAAAAAAAAAA
,b9a3f63f-8e5b-40c9-99a2-eabe511f85f4
,157790AAAAAAAAAAAAAAAAAAAAAAAAAAAAAA
,134016AAAAAAAAAAAAAAAAAAAAAAAAAAAAAA
,134011AAAAAAAAAAAAAAAAAAAAAAAAAAAAAA
,126627AAAAAAAAAAAAAAAAAAAAAAAAAAAAAA
10988,166448AAAAAAAAAAAAAAAAAAAAAAAAAAAAAA
10988,1537AAAAAAAAAAAAAAAAAAAAAAAAAAAAAAAA
10988,163488AAAAAAAAAAAAAAAAAAAAAAAAAAAAAA
10988,1a2dba33-55d6-477a-b171-c09a489bc37f
10988,7e18712d-8cda-49f5-bfeb-940406cc2e32
10988,f55781c1-461c-4f44-b575-d87519d38c34
10988,166443AAAAAAAAAAAAAAAAAAAAAAAAAAAAAA
10988,166444AAAAAAAAAAAAAAAAAAAAAAAAAAAAAA
10988,1a2dba33-55d6-477a-b171-c09a489bc37f
10988,7e18712d-8cda-49f5-bfeb-940406cc2e32
10988,166443AAAAAAAAAAAAAAAAAAAAAAAAAAAAAA
10988,166444AAAAAAAAAAAAAAAAAAAAAAAAAAAAAA
10988,1a2dba33-55d6-477a-b171-c09a489bc37f
10988,7e18712d-8cda-49f5-bfeb-940406cc2e32
10988,f55781c1-461c-4f44-b575-d87519d38c34
10988,1555AAAAAAAAAAAAAAAAAAAAAAAAAAAAAAAA
10988,27b7ea34-4ea9-48b5-82a3-9981c430c808
10988,4fcf003e-71cf-47a5-a967-47d24aa61092
10988,53447431-147e-4071-9c12-f6baf9463c2f
10988,166583AAAAAAAAAAAAAAAAAAAAAAAAAAAAAA
10988,1a2dba33-55d6-477a-b171-c09a489bc37f
10988,7e18712d-8cda-49f5-bfeb-940406cc2e32
10988,1555AAAAAAAAAAAAAAAAAAAAAAAAAAAAAAAA
10988,27b7ea34-4ea9-48b5-82a3-9981c430c808
10988,4fcf003e-71cf-47a5-a967-47d24aa61092
10988,53447431-147e-4071-9c12-f6baf9463c2f
10988,166583AAAAAAAAAAAAAAAAAAAAAAAAAAAAAA
6748,162724AAAAAAAAAAAAAAAAAAAAAAAAAAAAAA
10984,63da4194-a26a-4aa5-b5d5-4125b4822cf7
10984,1065AAAAAAAAAAAAAAAAAAAAAAAAAAAAAAAA
10984,1066AAAAAAAAAAAAAAAAAAAAAAAAAAAAAAAA
11930,166607AAAAAAAAAAAAAAAAAAAAAAAAAAAAAA
11930,1065AAAAAAAAAAAAAAAAAAAAAAAAAAAAAAAA
11930,1066AAAAAAAAAAAAAAAAAAAAAAAAAAAAAAAA
7656,162189AAAAAAAAAAAAAAAAAAAAAAAAAAAAAA
7656,1065AAAAAAAAAAAAAAAAAAAAAAAAAAAAAAAA
7656,1066AAAAAAAAAAAAAAAAAAAAAAAAAAAAAAAA
7014,
7014,1065AAAAAAAAAAAAAAAAAAAAAAAAAAAAAAAA
7014,1066AAAAAAAAAAAAAAAAAAAAAAAAAAAAAAAA
10835,160246AAAAAAAAAAAAAAAAAAAAAAAAAAAAAA
10835,1065AAAAAAAAAAAAAAAAAAAAAAAAAAAAAAAA
10835,1066AAAAAAAAAAAAAAAAAAAAAAAAAAAAAAAA
2183,159891AAAAAAAAAAAAAAAAAAAAAAAAAAAAAA
2183,1065AAAAAAAAAAAAAAAAAAAAAAAAAAAAAAAA
2183,1066AAAAAAAAAAAAAAAAAAAAAAAAAAAAAAAA
1048,1048AAAAAAAAAAAAAAAAAAAAAAAAAAAAAAAA
1048,1065AAAAAAAAAAAAAAAAAAAAAAAAAAAAAAAA
1048,1066AAAAAAAAAAAAAAAAAAAAAAAAAAAAAAAA
9771,164425AAAAAAAAAAAAAAAAAAAAAAAAAAAAAA
9771,1065AAAAAAAAAAAAAAAAAAAAAAAAAAAAAAAA
9771,1066AAAAAAAAAAAAAAAAAAAAAAAAAAAAAAAA
1664,121764AAAAAAAAAAAAAAAAAAAAAAAAAAAAAA
1664,1065AAAAAAAAAAAAAAAAAAAAAAAAAAAAAAAA
1664,1066AAAAAAAAAAAAAAAAAAAAAAAAAAAAAAAA
5619,5619AAAAAAAAAAAAAAAAAAAAAAAAAAAAAAAA
5619,1065AAAAAAAAAAAAAAAAAAAAAAAAAAAAAAAA
5619,1066AAAAAAAAAAAAAAAAAAAAAAAAAAAAAAAA
6294,159766AAAAAAAAAAAAAAAAAAAAAAAAAAAAAA
6294,1065AAAAAAAAAAAAAAAAAAAAAAAAAAAAAAAA
6294,1066AAAAAAAAAAAAAAAAAAAAAAAAAAAAAAAA
10836,163089AAAAAAAAAAAAAAAAAAAAAAAAAAAAAA
10836,1065AAAAAAAAAAAAAAAAAAAAAAAAAAAAAAAA
10836,1066AAAAAAAAAAAAAAAAAAAAAAAAAAAAAAAA
10837,162695AAAAAAAAAAAAAAAAAAAAAAAAAAAAAA
10837,1065AAAAAAAAAAAAAAAAAAAAAAAAAAAAAAAA
10837,1066AAAAAAAAAAAAAAAAAAAAAAAAAAAAAAAA
,
1192,160119AAAAAAAAAAAAAAAAAAAAAAAAAAAAAA
1192,1065AAAAAAAAAAAAAAAAAAAAAAAAAAAAAAAA
1192,1066AAAAAAAAAAAAAAAAAAAAAAAAAAAAAAAA
10838,164886AAAAAAAAAAAAAAAAAAAAAAAAAAAAAA
10838,1065AAAAAAAAAAAAAAAAAAAAAAAAAAAAAAAA
10838,1066AAAAAAAAAAAAAAAAAAAAAAAAAAAAAAAA
10087,163766AAAAAAAAAAAAAAAAAAAAAAAAAAAAAA
10087,1065AAAAAAAAAAAAAAAAAAAAAAAAAAAAAAAA
10087,1066AAAAAAAAAAAAAAAAAAAAAAAAAAAAAAAA
10839,163164AAAAAAAAAAAAAAAAAAAAAAAAAAAAAA
10839,1065AAAAAAAAAAAAAAAAAAAAAAAAAAAAAAAA
10839,1066AAAAAAAAAAAAAAAAAAAAAAAAAAAAAAAA
10840,164360AAAAAAAAAAAAAAAAAAAAAAAAAAAAAA
10840,1065AAAAAAAAAAAAAAAAAAAAAAAAAAAAAAAA
10840,1066AAAAAAAAAAAAAAAAAAAAAAAAAAAAAAAA
1596,161555AAAAAAAAAAAAAAAAAAAAAAAAAAAAAA
5240,5240AAAAAAAAAAAAAAAAAAAAAAAAAAAAAAAA
6102,159836AAAAAAAAAAAAAAAAAAAAAAAAAAAAAA
1593,160034AAAAAAAAAAAAAAAAAAAAAAAAAAAAAA
1594,159492AAAAAAAAAAAAAAAAAAAAAAAAAAAAAA
11036,190dea55-186f-40c8-845d-43635eab262a
11899,
1065,1065AAAAAAAAAAAAAAAAAAAAAAAAAAAAAAAA
1066,1066AAAAAAAAAAAAAAAAAAAAAAAAAAAAAAAA
1390,1390AAAAAAAAAAAAAAAAAAAAAAAAAAAAAAAA
984,984AAAAAAAAAAAAAAAAAAAAAAAAAAAAAAAAA
11900,
11901,
11902,
11903,
11904,
11905,
1067,1067AAAAAAAAAAAAAAAAAAAAAAAAAAAAAAAA
5622,5622AAAAAAAAAAAAAAAAAAAAAAAAAAAAAAAA
1915,1915AAAAAAAAAAAAAAAAAAAAAAAAAAAAAAAA
10485,
10958,
11906,
2300,
2300,
11907,
2208,
11911,
1065,1065AAAAAAAAAAAAAAAAAAAAAAAAAAAAAAAA
1066,1066AAAAAAAAAAAAAAAAAAAAAAAAAAAAAAAA
1944,1944AAAAAAAAAAAAAAAAAAAAAAAAAAAAAAAA
984,984AAAAAAAAAAAAAAAAAAAAAAAAAAAAAAAAA
11900,
11901,
11902,
11903,
11904,
11905,
1067,1067AAAAAAAAAAAAAAAAAAAAAAAAAAAAAAAA
5622,5622AAAAAAAAAAAAAAAAAAAAAAAAAAAAAAAA
1915,1915AAAAAAAAAAAAAAAAAAAAAAAAAAAAAAAA
10485,
10958,
11906,
2300,
11909,
1065,1065AAAAAAAAAAAAAAAAAAAAAAAAAAAAAAAA
1066,1066AAAAAAAAAAAAAAAAAAAAAAAAAAAAAAAA
11908,
703,703AAAAAAAAAAAAAAAAAAAAAAAAAAAAAAAAA
664,664AAAAAAAAAAAAAAAAAAAAAAAAAAAAAAAAA
9728,
11124,
1068,1068AAAAAAAAAAAAAAAAAAAAAAAAAAAAAAAA
11910,
6419,
1065,1065AAAAAAAAAAAAAAAAAAAAAAAAAAAAAAAA
1066,1066AAAAAAAAAAAAAAAAAAAAAAAAAAAAAAAA
,
11913,
11914,
11915,
11916,
1065,1065AAAAAAAAAAAAAAAAAAAAAAAAAAAAAAAA
1066,1066AAAAAAAAAAAAAAAAAAAAAAAAAAAAAAAA
5219,5219AAAAAAAAAAAAAAAAAAAAAAAAAAAAAAAA
5219,1065AAAAAAAAAAAAAAAAAAAAAAAAAAAAAAAA
5219,1066AAAAAAAAAAAAAAAAAAAAAAAAAAAAAAAA
5219,5219AAAAAAAAAAAAAAAAAAAAAAAAAAAAAAAA
5219,151AAAAAAAAAAAAAAAAAAAAAAAAAAAAAAAAA
5219,141631AAAAAAAAAAAAAAAAAAAAAAAAAAAAAA
5219,121543AAAAAAAAAAAAAAAAAAAAAAAAAAAAAA
5219,148035AAAAAAAAAAAAAAAAAAAAAAAAAAAAAA
5219,840AAAAAAAAAAAAAAAAAAAAAAAAAAAAAAAAA
5219,117671AAAAAAAAAAAAAAAAAAAAAAAAAAAAAA
5219,131021AAAAAAAAAAAAAAAAAAAAAAAAAAAAAA
5219,120749AAAAAAAAAAAAAAAAAAAAAAAAAAAAAA
5219,871AAAAAAAAAAAAAAAAAAAAAAAAAAAAAAAAA
5219,120345AAAAAAAAAAAAAAAAAAAAAAAAAAAAAA
5219,143264AAAAAAAAAAAAAAAAAAAAAAAAAAAAAA
5219,113054AAAAAAAAAAAAAAAAAAAAAAAAAAAAAA
5219,144576AAAAAAAAAAAAAAAAAAAAAAAAAAAAAA
5219,106AAAAAAAAAAAAAAAAAAAAAAAAAAAAAAAAA
5219,143129AAAAAAAAAAAAAAAAAAAAAAAAAAAAAA
5219,119574AAAAAAAAAAAAAAAAAAAAAAAAAAAAAA
5219,119537AAAAAAAAAAAAAAAAAAAAAAAAAAAAAA
5219,142412AAAAAAAAAAAAAAAAAAAAAAAAAAAAAA
5219,122496AAAAAAAAAAAAAAAAAAAAAAAAAAAAAA
5219,118789AAAAAAAAAAAAAAAAAAAAAAAAAAAAAA
5219,142247AAAAAAAAAAAAAAAAAAAAAAAAAAAAAA
5219,141830AAAAAAAAAAAAAAAAAAAAAAAAAAAAAA
5219,141585AAAAAAAAAAAAAAAAAAAAAAAAAAAAAA
5219,141128AAAAAAAAAAAAAAAAAAAAAAAAAAAAAA
5219,131040AAAAAAAAAAAAAAAAAAAAAAAAAAAAAA
5219,140941AAAAAAAAAAAAAAAAAAAAAAAAAAAAAA
5219,114399AAAAAAAAAAAAAAAAAAAAAAAAAAAAAA
5219,162626AAAAAAAAAAAAAAAAAAAAAAAAAAAAAA
5219,140070AAAAAAAAAAAAAAAAAAAAAAAAAAAAAA
5219,140238AAAAAAAAAAAAAAAAAAAAAAAAAAAAAA
5219,135367AAAAAAAAAAAAAAAAAAAAAAAAAAAAAA
5219,135462AAAAAAAAAAAAAAAAAAAAAAAAAAAAAA
5219,139084AAAAAAAAAAAAAAAAAAAAAAAAAAAAAA
5219,117698AAAAAAAAAAAAAAAAAAAAAAAAAAAAAA
5219,116214AAAAAAAAAAAAAAAAAAAAAAAAAAAAAA
5219,879AAAAAAAAAAAAAAAAAAAAAAAAAAAAAAAAA
5219,116558AAAAAAAAAAAAAAAAAAAAAAAAAAAAAA
5219,114395AAAAAAAAAAAAAAAAAAAAAAAAAAAAAA
5219,116334AAAAAAAAAAAAAAAAAAAAAAAAAAAAAA
5219,135595AAAAAAAAAAAAAAAAAAAAAAAAAAAAAA
5219,135488AAAAAAAAAAAAAAAAAAAAAAAAAAAAAA
5219,121657AAAAAAAAAAAAAAAAAAAAAAAAAAAAAA
5219,111721AAAAAAAAAAAAAAAAAAAAAAAAAAAAAA
5219,131015AAAAAAAAAAAAAAAAAAAAAAAAAAAAAA
5219,133028AAAAAAAAAAAAAAAAAAAAAAAAAAAAAA
5219,133632AAAAAAAAAAAAAAAAAAAAAAAAAAAAAA
5219,121AAAAAAAAAAAAAAAAAAAAAAAAAAAAAAAAA
5219,5978AAAAAAAAAAAAAAAAAAAAAAAAAAAAAAAA
5219,112721AAAAAAAAAAAAAAAAAAAAAAAAAAAAAA
5219,133469AAAAAAAAAAAAAAAAAAAAAAAAAAAAAA
5219,133027AAAAAAAAAAAAAAAAAAAAAAAAAAAAAA
5219,132653AAAAAAAAAAAAAAAAAAAAAAAAAAAAAA
5219,162628AAAAAAAAAAAAAAAAAAAAAAAAAAAAAA
5219,125225AAAAAAAAAAAAAAAAAAAAAAAAAAAAAA
5219,131034AAAAAAAAAAAAAAAAAAAAAAAAAAAAAA
5219,5953AAAAAAAAAAAAAAAAAAAAAAAAAAAAAAAA
5219,512AAAAAAAAAAAAAAAAAAAAAAAAAAAAAAAAA
5219,127777AAAAAAAAAAAAAAAAAAAAAAAAAAAAAA
5219,6017AAAAAAAAAAAAAAAAAAAAAAAAAAAAAAAA
5219,113224AAAAAAAAAAAAAAAAAAAAAAAAAAAAAA
5219,131032AAAAAAAAAAAAAAAAAAAAAAAAAAAAAA
5219,206AAAAAAAAAAAAAAAAAAAAAAAAAAAAAAAAA
5219,126535AAAAAAAAAAAAAAAAAAAAAAAAAAAAAA
5219,112989AAAAAAAAAAAAAAAAAAAAAAAAAAAAAA
5219,158843AAAAAAAAAAAAAAAAAAAAAAAAAAAAAA
5219,141597AAAAAAAAAAAAAAAAAAAAAAAAAAAAAA
5219,125198AAAAAAAAAAAAAAAAAAAAAAAAAAAAAA
5219,112200AAAAAAAAAAAAAAAAAAAAAAAAAAAAAA
5219,160208AAAAAAAAAAAAAAAAAAAAAAAAAAAAAA
5219,161887AAAAAAAAAAAAAAAAAAAAAAAAAAAAAA
5219,157498AAAAAAAAAAAAAAAAAAAAAAAAAAAAAA
5219,832AAAAAAAAAAAAAAAAAAAAAAAAAAAAAAAAA
5219,150802AAAAAAAAAAAAAAAAAAAAAAAAAAAAAA
5219,123396AAAAAAAAAAAAAAAAAAAAAAAAAAAAAA
5219,122983AAAAAAAAAAAAAAAAAAAAAAAAAAAAAA
5219,111525AAAAAAAAAAAAAAAAAAAAAAAAAAAAAA
5219,5622AAAAAAAAAAAAAAAAAAAAAAAAAAAAAAAA
,20395601-257c-490c-86c2-acffb627f91f
7444,124068AAAAAAAAAAAAAAAAAAAAAAAAAAAAAA
7444,1065AAAAAAAAAAAAAAAAAAAAAAAAAAAAAAAA
7444,1066AAAAAAAAAAAAAAAAAAAAAAAAAAAAAAAA
7394,164456AAAAAAAAAAAAAAAAAAAAAAAAAAAAAA
,d7a3441d-6aeb-49be-b7d6-b2a3bb39e78d
,1499AAAAAAAAAAAAAAAAAAAAAAAAAAAAAAAA
,162707AAAAAAAAAAAAAAAAAAAAAAAAAAAAAA
5088,5088AAAAAAAAAAAAAAAAAAAAAAAAAAAAAAAA
,167231AAAAAAAAAAAAAAAAAAAAAAAAAAAAAA
,5112AAAAAAAAAAAAAAAAAAAAAAAAAAAAAAAA
,166242AAAAAAAAAAAAAAAAAAAAAAAAAAAAAA
,160240AAAAAAAAAAAAAAAAAAAAAAAAAAAAAA
5087,5087AAAAAAAAAAAAAAAAAAAAAAAAAAAAAAAA
5085,5085AAAAAAAAAAAAAAAAAAAAAAAAAAAAAAAA
5086,5086AAAAAAAAAAAAAAAAAAAAAAAAAAAAAAAA
5242,5242AAAAAAAAAAAAAAAAAAAAAAAAAAAAAAAA
5092,5092AAAAAAAAAAAAAAAAAAAAAAAAAAAAAAAA
,165932AAAAAAAAAAAAAAAAAAAAAAAAAAAAAA
,162735AAAAAAAAAAAAAAAAAAAAAAAAAAAAAA
,162738AAAAAAAAAAAAAAAAAAAAAAAAAAAAAA
5089,5089AAAAAAAAAAAAAAAAAAAAAAAAAAAAAAAA
5090,5090AAAAAAAAAAAAAAAAAAAAAAAAAAAAAAAA
1342,1342AAAAAAAAAAAAAAAAAAAAAAAAAAAAAAAA
9895,162584AAAAAAAAAAAAAAAAAAAAAAAAAAAAAA
10213,163515AAAAAAAAAAAAAAAAAAAAAAAAAAAAAA
10213,1115AAAAAAAAAAAAAAAAAAAAAAAAAAAAAAAA
10213,164125AAAAAAAAAAAAAAAAAAAAAAAAAAAAAA
10213,114413AAAAAAAAAAAAAAAAAAAAAAAAAAAAAA
10213,164131AAAAAAAAAAAAAAAAAAAAAAAAAAAAAA
10213,123815AAAAAAAAAAAAAAAAAAAAAAAAAAAAAA
10213,123814AAAAAAAAAAAAAAAAAAAAAAAAAAAAAA
7369,167392AAAAAAAAAAAAAAAAAAAAAAAAAAAAAA
7369,1115AAAAAAAAAAAAAAAAAAAAAAAAAAAAAAAA
7369,163303AAAAAAAAAAAAAAAAAAAAAAAAAAAAAA
7369,163302AAAAAAAAAAAAAAAAAAAAAAAAAAAAAA
7369,114413AAAAAAAAAAAAAAAAAAAAAAAAAAAAAA
7369,115115AAAAAAAAAAAAAAAAAAAAAAAAAAAAAA
1343,1343AAAAAAAAAAAAAAAAAAAAAAAAAAAAAAAA
1427,1427AAAAAAAAAAAAAAAAAAAAAAAAAAAAAAAA
,160325AAAAAAAAAAAAAAAAAAAAAAAAAAAAAA
,1065AAAAAAAAAAAAAAAAAAAAAAAAAAAAAAAA
,1066AAAAAAAAAAAAAAAAAAAAAAAAAAAAAAAA
10893,159368AAAAAAAAAAAAAAAAAAAAAAAAAAAAAA
9728,159948AAAAAAAAAAAAAAAAAAAAAAAAAAAAAA
11650,160108AAAAAAAAAAAAAAAAAAAAAAAAAAAAAA
11650,1065AAAAAAAAAAAAAAAAAAAAAAAAAAAAAAAA
11650,1066AAAAAAAAAAAAAAAAAAAAAAAAAAAAAAAA
8319,160109AAAAAAAAAAAAAAAAAAAAAAAAAAAAAA
8319,1065AAAAAAAAAAAAAAAAAAAAAAAAAAAAAAAA
8319,1066AAAAAAAAAAAAAAAAAAAAAAAAAAAAAAAA
10707,162877AAAAAAAAAAAAAAAAAAAAAAAAAAAAAA
10707,1065AAAAAAAAAAAAAAAAAAAAAAAAAAAAAAAA
10707,1066AAAAAAAAAAAAAAAAAAAAAAAAAAAAAAAA
8355,160653AAAAAAAAAAAAAAAAAAAAAAAAAAAAAA
8355,1065AAAAAAAAAAAAAAAAAAAAAAAAAAAAAAAA
8355,1066AAAAAAAAAAAAAAAAAAAAAAAAAAAAAAAA
48,48AAAAAAAAAAAAAAAAAAAAAAAAAAAAAAAAAA
48,1065AAAAAAAAAAAAAAAAAAAAAAAAAAAAAAAA
48,1066AAAAAAAAAAAAAAAAAAAAAAAAAAAAAAAA
1657,1657AAAAAAAAAAAAAAAAAAAAAAAAAAAAAAAA
1657,1065AAAAAAAAAAAAAAAAAAAAAAAAAAAAAAAA
1657,1066AAAAAAAAAAAAAAAAAAAAAAAAAAAAAAAA
1282,1282AAAAAAAAAAAAAAAAAAAAAAAAAAAAAAAA
1282,1065AAAAAAAAAAAAAAAAAAAAAAAAAAAAAAAA
1282,1066AAAAAAAAAAAAAAAAAAAAAAAAAAAAAAAA
7222,159395AAAAAAAAAAAAAAAAAAAAAAAAAAAAAA
10070,162140AAAAAAAAAAAAAAAAAAAAAAAAAAAAAA
6429,1409AAAAAAAAAAAAAAAAAAAAAAAAAAAAAAAA
5916,5916AAAAAAAAAAAAAAAAAAAAAAAAAAAAAAAA
10959,1503AAAAAAAAAAAAAAAAAAAAAAAAAAAAAAAA
2170,163460AAAAAAAAAAAAAAAAAAAAAAAAAAAAAA
10933,159949AAAAAAAAAAAAAAAAAAAAAAAAAAAAAA
10933,159914AAAAAAAAAAAAAAAAAAAAAAAAAAAAAA
10933,113450AAAAAAAAAAAAAAAAAAAAAAAAAAAAAA
10933,113440AAAAAAAAAAAAAAAAAAAAAAAAAAAAAA
10933,159913AAAAAAAAAAAAAAAAAAAAAAAAAAAAAA
10933,159915AAAAAAAAAAAAAAAAAAAAAAAAAAAAAA
2368,1572AAAAAAAAAAAAAAAAAAAAAAAAAAAAAAAA
2368,1536AAAAAAAAAAAAAAAAAAAAAAAAAAAAAAAA
2368,1589AAAAAAAAAAAAAAAAAAAAAAAAAAAAAAAA
2368,5622AAAAAAAAAAAAAAAAAAAAAAAAAAAAAAAA
5630,5630AAAAAAAAAAAAAAAAAAAAAAAAAAAAAAAA
5630,1170AAAAAAAAAAAAAAAAAAAAAAAAAAAAAAAA
5630,1171AAAAAAAAAAAAAAAAAAAAAAAAAAAAAAAA
5630,1172AAAAAAAAAAAAAAAAAAAAAAAAAAAAAAAA
5630,118159AAAAAAAAAAAAAAAAAAAAAAAAAAAAAA
8558,162051AAAAAAAAAAAAAAAAAAAAAAAAAAAAAA
6710,164129AAAAAAAAAAAAAAAAAAAAAAAAAAAAAA
10963,164140AAAAAAAAAAAAAAAAAAAAAAAAAAAAAA
6748,162724AAAAAAAAAAAAAAAAAAAAAAAAAAAAAA
10941,1646AAAAAAAAAAAAAAAAAAAAAAAAAAAAAAAA
10964,1646AAAAAAAAAAAAAAAAAAAAAAAAAAAAAAAA
10965,162729AAAAAAAAAAAAAAAAAAAAAAAAAAAAAA
10966,159635AAAAAAAAAAAAAAAAAAAAAAAAAAAAAA
10967,161630AAAAAAAAAAAAAAAAAAAAAAAAAAAAAA
10967,161628AAAAAAAAAAAAAAAAAAAAAAAAAAAAAA
10967,1066AAAAAAAAAAAAAAAAAAAAAAAAAAAAAAAA
8565,161601AAAAAAAAAAAAAAAAAAAAAAAAAAAAAA
8565,116222AAAAAAAAAAAAAAAAAAAAAAAAAAAAAA
8565,162071AAAAAAAAAAAAAAAAAAAAAAAAAAAAAA
8565,162072AAAAAAAAAAAAAAAAAAAAAAAAAAAAAA
8565,162073AAAAAAAAAAAAAAAAAAAAAAAAAAAAAA
8565,162074AAAAAAAAAAAAAAAAAAAAAAAAAAAAAA
8565,162075AAAAAAAAAAAAAAAAAAAAAAAAAAAAAA
8565,162076AAAAAAAAAAAAAAAAAAAAAAAAAAAAAA
8565,1174AAAAAAAAAAAAAAAAAAAAAAAAAAAAAAAA
8565,161599AAAAAAAAAAAAAAAAAAAAAAAAAAAAAA
8565,1859AAAAAAAAAAAAAAAAAAAAAAAAAAAAAAAA
8565,123174AAAAAAAAAAAAAAAAAAAAAAAAAAAAAA
5303,5303AAAAAAAAAAAAAAAAAAAAAAAAAAAAAAAA
5303,822AAAAAAAAAAAAAAAAAAAAAAAAAAAAAAAAA
5303,1066AAAAAAAAAAAAAAAAAAAAAAAAAAAAAAAA
5303,1067AAAAAAAAAAAAAAAAAAAAAAAAAAAAAAAA
8676,162054AAAAAAAAAAAAAAAAAAAAAAAAAAAAAA
,159481AAAAAAAAAAAAAAAAAAAAAAAAAAAAAA
,1065AAAAAAAAAAAAAAAAAAAAAAAAAAAAAAAA
,1066AAAAAAAAAAAAAAAAAAAAAAAAAAAAAAAA
2020,152460AAAAAAAAAAAAAAAAAAAAAAAAAAAAAA
2020,1065AAAAAAAAAAAAAAAAAAAAAAAAAAAAAAAA
2020,1066AAAAAAAAAAAAAAAAAAAAAAAAAAAAAAAA
8554,159941AAAAAAAAAAAAAAAAAAAAAAAAAAAAAA
8554,1065AAAAAAAAAAAAAAAAAAAAAAAAAAAAAAAA
8554,1066AAAAAAAAAAAAAAAAAAAAAAAAAAAAAAAA
8554,1067AAAAAAAAAAAAAAAAAAAAAAAAAAAAAAAA
6749,160540AAAAAAAAAAAAAAAAAAAAAAAAAAAAAA
6749,160537AAAAAAAAAAAAAAAAAAAAAAAAAAAAAA
6749,160456AAAAAAAAAAAAAAAAAAAAAAAAAAAAAA
6749,162050AAAAAAAAAAAAAAAAAAAAAAAAAAAAAA
6749,160538AAAAAAAAAAAAAAAAAAAAAAAAAAAAAA
6749,160542AAAAAAAAAAAAAAAAAAAAAAAAAAAAAA
6749,5622AAAAAAAAAAAAAAAAAAAAAAAAAAAAAAAA
10793,160563AAAAAAAAAAAAAAAAAAAAAAAAAAAAAA
10793,1065AAAAAAAAAAAAAAAAAAAAAAAAAAAAAAAA
10793,1066AAAAAAAAAAAAAAAAAAAAAAAAAAAAAAAA
10747,160534AAAAAAAAAAAAAAAAAAAAAAAAAAAAAA
10748,160535AAAAAAAAAAAAAAAAAAAAAAAAAAAAAA
7060,161551AAAAAAAAAAAAAAAAAAAAAAAAAAAAAA
7013,160555AAAAAAAAAAAAAAAAAAAAAAAAAAAAAA
1895,1282AAAAAAAAAAAAAAAAAAAAAAAAAAAAAAAA
1895,78643AAAAAAAAAAAAAAAAAAAAAAAAAAAAAAA
1895,80586AAAAAAAAAAAAAAAAAAAAAAAAAAAAAAA
1895,1107AAAAAAAAAAAAAAAAAAAAAAAAAAAAAAAA
1895,160123AAAAAAAAAAAAAAAAAAAAAAAAAAAAAA
1895,1149AAAAAAAAAAAAAAAAAAAAAAAAAAAAAAAA
1895,162326AAAAAAAAAAAAAAAAAAAAAAAAAAAAAA
1895,1282AAAAAAAAAAAAAAAAAAAAAAAAAAAAAAAA
1895,80586AAAAAAAAAAAAAAAAAAAAAAAAAAAAAAA
6748,162724AAAAAAAAAAAAAAAAAAAAAAAAAAAAAA
9775,162053AAAAAAAAAAAAAAAAAAAAAAAAAAAAAA
10970,162055AAAAAAAAAAAAAAAAAAAAAAAAAAAAAA
10970,1065AAAAAAAAAAAAAAAAAAAAAAAAAAAAAAAA
10970,1066AAAAAAAAAAAAAAAAAAAAAAAAAAAAAAAA
1088,1088AAAAAAAAAAAAAAAAAAAAAAAAAAAAAAA
1088,165605AAAAAAAAAAAAAAAAAAAAAAAAAAAAAA
1088,162559AAAAAAAAAAAAAAAAAAAAAAAAAAAAAA
1088,162562AAAAAAAAAAAAAAAAAAAAAAAAAAAAAA
1088,161361AAAAAAAAAAAAAAAAAAAAAAAAAAAAAA
1088,792AAAAAAAAAAAAAAAAAAAAAAAAAAAAAAAAA
1088,162200AAAAAAAAAAAAAAAAAAAAAAAAAAAAAA
1088,164511AAAAAAAAAAAAAAAAAAAAAAAAAAAAAA
1088,162563AAAAAAAAAAAAAAAAAAAAAAAAAAAAAA
1088,164505AAAAAAAAAAAAAAAAAAAAAAAAAAAAAA
1088,817AAAAAAAAAAAAAAAAAAAAAAAAAAAAAAAAA
1088,1652AAAAAAAAAAAAAAAAAAAAAAAAAAAAAAAA
1088,162560AAAAAAAAAAAAAAAAAAAAAAAAAAAAAA
1088,162199AAAAAAAAAAAAAAAAAAAAAAAAAAAAAA
1088,164512AAAAAAAAAAAAAAAAAAAAAAAAAAAAAA
1088,104565AAAAAAAAAAAAAAAAAAAAAAAAAAAAAA
1088,162201AAAAAAAAAAAAAAAAAAAAAAAAAAAAAA
1088,162565AAAAAAAAAAAAAAAAAAAAAAAAAAAAAA
1088,162561AAAAAAAAAAAAAAAAAAAAAAAAAAAAAA
1088,160124AAAAAAAAAAAAAAAAAAAAAAAAAAAAAA
1088,160104AAAAAAAAAAAAAAAAAAAAAAAAAAAAAA
10973,164142AAAAAAAAAAAAAAAAAAAAAAAAAAAAAA
10973,1065AAAAAAAAAAAAAAAAAAAAAAAAAAAAAAAA
10973,1066AAAAAAAAAAAAAAAAAAAAAAAAAAAAAAAA
,167079AAAAAAAAAAAAAAAAAAAAAAAAAAAAAA
,160552AAAAAAAAAAAAAAAAAAAAAAAAAAAAAA
,161624AAAAAAAAAAAAAAAAAAAAAAAAAAAAAA
,5622AAAAAAAAAAAAAAAAAAAAAAAAAAAAAAAA
5303,5303AAAAAAAAAAAAAAAAAAAAAAAAAAAAAAAA
5303,822AAAAAAAAAAAAAAAAAAAAAAAAAAAAAAAAA
5303,1066AAAAAAAAAAAAAAAAAAAAAAAAAAAAAAAA
5303,1067AAAAAAAAAAAAAAAAAAAAAAAAAAAAAAAA
10741,160640AAAAAAAAAAAAAAAAAAAAAAAAAAAAAA
10741,973AAAAAAAAAAAAAAAAAAAAAAAAAAAAAAAAA
10741,972AAAAAAAAAAAAAAAAAAAAAAAAAAAAAAAAA
10741,970AAAAAAAAAAAAAAAAAAAAAAAAAAAAAAAAA
10741,971AAAAAAAAAAAAAAAAAAAAAAAAAAAAAAAAA
10741,160639AAAAAAAAAAAAAAAAAAAAAAAAAAAAAA
10741,5622AAAAAAAAAAAAAAAAAAAAAAAAAAAAAAAA
10741,160632AAAAAAAAAAAAAAAAAAAAAAAAAAAAAA
856,856AAAAAAAAAAAAAAAAAAAAAAAAAAAAAAAAA
5219,5219AAAAAAAAAAAAAAAAAAAAAAAAAAAAAAAA
5219,1065AAAAAAAAAAAAAAAAAAAAAAAAAAAAAAAA
5219,1066AAAAAAAAAAAAAAAAAAAAAAAAAAAAAAAA
,167050AAAAAAAAAAAAAAAAAAAAAAAAAAAAAA
5219,5219AAAAAAAAAAAAAAAAAAAAAAAAAAAAAAAA
5219,151AAAAAAAAAAAAAAAAAAAAAAAAAAAAAAAAA
5219,141631AAAAAAAAAAAAAAAAAAAAAAAAAAAAAA
5219,121543AAAAAAAAAAAAAAAAAAAAAAAAAAAAAA
5219,148035AAAAAAAAAAAAAAAAAAAAAAAAAAAAAA
5219,840AAAAAAAAAAAAAAAAAAAAAAAAAAAAAAAAA
5219,117671AAAAAAAAAAAAAAAAAAAAAAAAAAAAAA
5219,131021AAAAAAAAAAAAAAAAAAAAAAAAAAAAAA
5219,120749AAAAAAAAAAAAAAAAAAAAAAAAAAAAAA
5219,871AAAAAAAAAAAAAAAAAAAAAAAAAAAAAAAAA
5219,120345AAAAAAAAAAAAAAAAAAAAAAAAAAAAAA
5219,143264AAAAAAAAAAAAAAAAAAAAAAAAAAAAAA
5219,113054AAAAAAAAAAAAAAAAAAAAAAAAAAAAAA
5219,144576AAAAAAAAAAAAAAAAAAAAAAAAAAAAAA
5219,106AAAAAAAAAAAAAAAAAAAAAAAAAAAAAAAAA
5219,143129AAAAAAAAAAAAAAAAAAAAAAAAAAAAAA
5219,119574AAAAAAAAAAAAAAAAAAAAAAAAAAAAAA
5219,119537AAAAAAAAAAAAAAAAAAAAAAAAAAAAAA
5219,142412AAAAAAAAAAAAAAAAAAAAAAAAAAAAAA
5219,122496AAAAAAAAAAAAAAAAAAAAAAAAAAAAAA
5219,118789AAAAAAAAAAAAAAAAAAAAAAAAAAAAAA
5219,142247AAAAAAAAAAAAAAAAAAAAAAAAAAAAAA
5219,141830AAAAAAAAAAAAAAAAAAAAAAAAAAAAAA
5219,141585AAAAAAAAAAAAAAAAAAAAAAAAAAAAAA
5219,141128AAAAAAAAAAAAAAAAAAAAAAAAAAAAAA
5219,131040AAAAAAAAAAAAAAAAAAAAAAAAAAAAAA
5219,140941AAAAAAAAAAAAAAAAAAAAAAAAAAAAAA
5219,114399AAAAAAAAAAAAAAAAAAAAAAAAAAAAAA
5219,162626AAAAAAAAAAAAAAAAAAAAAAAAAAAAAA
5219,140070AAAAAAAAAAAAAAAAAAAAAAAAAAAAAA
5219,140238AAAAAAAAAAAAAAAAAAAAAAAAAAAAAA
5219,135367AAAAAAAAAAAAAAAAAAAAAAAAAAAAAA
5219,135462AAAAAAAAAAAAAAAAAAAAAAAAAAAAAA
5219,139084AAAAAAAAAAAAAAAAAAAAAAAAAAAAAA
5219,117698AAAAAAAAAAAAAAAAAAAAAAAAAAAAAA
5219,116214AAAAAAAAAAAAAAAAAAAAAAAAAAAAAA
5219,879AAAAAAAAAAAAAAAAAAAAAAAAAAAAAAAAA
5219,116558AAAAAAAAAAAAAAAAAAAAAAAAAAAAAA
5219,114395AAAAAAAAAAAAAAAAAAAAAAAAAAAAAA
5219,116334AAAAAAAAAAAAAAAAAAAAAAAAAAAAAA
5219,135595AAAAAAAAAAAAAAAAAAAAAAAAAAAAAA
5219,135488AAAAAAAAAAAAAAAAAAAAAAAAAAAAAA
5219,121657AAAAAAAAAAAAAAAAAAAAAAAAAAAAAA
5219,111721AAAAAAAAAAAAAAAAAAAAAAAAAAAAAA
5219,131015AAAAAAAAAAAAAAAAAAAAAAAAAAAAAA
5219,133028AAAAAAAAAAAAAAAAAAAAAAAAAAAAAA
5219,133632AAAAAAAAAAAAAAAAAAAAAAAAAAAAAA
5219,121AAAAAAAAAAAAAAAAAAAAAAAAAAAAAAAAA
5219,5978AAAAAAAAAAAAAAAAAAAAAAAAAAAAAAAA
5219,133469AAAAAAAAAAAAAAAAAAAAAAAAAAAAAA
5219,133027AAAAAAAAAAAAAAAAAAAAAAAAAAAAAA
5219,132653AAAAAAAAAAAAAAAAAAAAAAAAAAAAAA
5219,162628AAAAAAAAAAAAAAAAAAAAAAAAAAAAAA
5219,125225AAAAAAAAAAAAAAAAAAAAAAAAAAAAAA
5219,131034AAAAAAAAAAAAAAAAAAAAAAAAAAAAAA
5219,5953AAAAAAAAAAAAAAAAAAAAAAAAAAAAAAAA
5219,512AAAAAAAAAAAAAAAAAAAAAAAAAAAAAAAAA
5219,127777AAAAAAAAAAAAAAAAAAAAAAAAAAAAAA
5219,6017AAAAAAAAAAAAAAAAAAAAAAAAAAAAAAAA
5219,113224AAAAAAAAAAAAAAAAAAAAAAAAAAAAAA
5219,131032AAAAAAAAAAAAAAAAAAAAAAAAAAAAAA
5219,206AAAAAAAAAAAAAAAAAAAAAAAAAAAAAAAAA
5219,126535AAAAAAAAAAAAAAAAAAAAAAAAAAAAAA
5219,112989AAAAAAAAAAAAAAAAAAAAAAAAAAAAAA
5219,158843AAAAAAAAAAAAAAAAAAAAAAAAAAAAAA
5219,141597AAAAAAAAAAAAAAAAAAAAAAAAAAAAAA
5219,125198AAAAAAAAAAAAAAAAAAAAAAAAAAAAAA
5219,112200AAAAAAAAAAAAAAAAAAAAAAAAAAAAAA
5219,160208AAAAAAAAAAAAAAAAAAAAAAAAAAAAAA
5219,161887AAAAAAAAAAAAAAAAAAAAAAAAAAAAAA
5219,157498AAAAAAAAAAAAAAAAAAAAAAAAAAAAAA
5219,832AAAAAAAAAAAAAAAAAAAAAAAAAAAAAAAAA
5219,123396AAAAAAAAAAAAAAAAAAAAAAAAAAAAAA
5219,122983AAAAAAAAAAAAAAAAAAAAAAAAAAAAAA
5219,111525AAAAAAAAAAAAAAAAAAAAAAAAAAAAAA
5219,5622AAAAAAAAAAAAAAAAAAAAAAAAAAAAAAAA
,d7a3441d-6aeb-49be-b7d6-b2a3bb39e78d
,1499AAAAAAAAAAAAAAAAAAAAAAAAAAAAAAAA
,162707AAAAAAAAAAAAAAAAAAAAAAAAAAAAAA
7263,159860AAAAAAAAAAAAAAAAAAAAAAAAAAAAAA
7263,1107AAAAAAAAAAAAAAAAAAAAAAAAAAAAAAAA
7263,159861AAAAAAAAAAAAAAAAAAAAAAAAAAAAAA
7263,164482AAAAAAAAAAAAAAAAAAAAAAAAAAAAAA
7263,138868AAAAAAAAAAAAAAAAAAAAAAAAAAAAAA
7263,164483AAAAAAAAAAAAAAAAAAAAAAAAAAAAAA
7263,116334AAAAAAAAAAAAAAAAAAAAAAAAAAAAAA
7263,5622AAAAAAAAAAAAAAAAAAAAAAAAAAAAAAAA
7263,160632AAAAAAAAAAAAAAAAAAAAAAAAAAAAAA
1151,1151AAAAAAAAAAAAAAAAAAAAAAAAAAAAAAAA
1151,5526AAAAAAAAAAAAAAAAAAAAAAAAAAAAAAAA
1151,5632AAAAAAAAAAAAAAAAAAAAAAAAAAAAAAAA
1151,164478AAAAAAAAAAAAAAAAAAAAAAAAAAAAAA
11906,164464AAAAAAAAAAAAAAAAAAAAAAAAAAAAAA
11906,1065AAAAAAAAAAAAAAAAAAAAAAAAAAAAAAAA
11906,1066AAAAAAAAAAAAAAAAAAAAAAAAAAAAAAAA
8537,162069AAAAAAAAAAAAAAAAAAAAAAAAAAAAAA
8537,162056AAAAAAAAAAAAAAAAAAAAAAAAAAAAAA
8537,162057AAAAAAAAAAAAAAAAAAAAAAAAAAAAAA
8537,162058AAAAAAAAAAAAAAAAAAAAAAAAAAAAAA
8537,162059AAAAAAAAAAAAAAAAAAAAAAAAAAAAAA
8537,162061AAAAAAAAAAAAAAAAAAAAAAAAAAAAAA
8537,162062AAAAAAAAAAAAAAAAAAAAAAAAAAAAAA
8537,162063AAAAAAAAAAAAAAAAAAAAAAAAAAAAAA
8537,162060AAAAAAAAAAAAAAAAAAAAAAAAAAAAAA
1189,1189AAAAAAAAAAAAAAAAAAAAAAAAAAAAAAAA
1189,6022AAAAAAAAAAAAAAAAAAAAAAAAAAAAAAAA
1189,1115AAAAAAAAAAAAAAAAAAAAAAAAAAAAAAAA
1189,6025AAAAAAAAAAAAAAAAAAAAAAAAAAAAAAAA
8528,62064AAAAAAAAAAAAAAAAAAAAAAAAAAAAAA
8528,162065AAAAAAAAAAAAAAAAAAAAAAAAAAAAAA
8528,1075AAAAAAAAAAAAAAAAAAAAAAAAAAAAAAAA
8531,162067AAAAAAAAAAAAAAAAAAAAAAAAAAAAAA
8531,1066AAAAAAAAAAAAAAAAAAAAAAAAAAAAAAAA
8531,1065AAAAAAAAAAAAAAAAAAAAAAAAAAAAAAAA
8532,162066AAAAAAAAAAAAAAAAAAAAAAAAAAAAAA
8532,1066AAAAAAAAAAAAAAAAAAAAAAAAAAAAAAAA
8532,1065AAAAAAAAAAAAAAAAAAAAAAAAAAAAAAAA
8292,1659AAAAAAAAAAAAAAAAAAAAAAAAAAAAAAAA
8292,1660AAAAAAAAAAAAAAAAAAAAAAAAAAAAAAAA
8292,1679AAAAAAAAAAAAAAAAAAAAAAAAAAAAAAAA
8292,142177AAAAAAAAAAAAAAAAAAAAAAAAAAAAAA
8292,1661AAAAAAAAAAAAAAAAAAAAAAAAAAAAAAAA
8292,1662AAAAAAAAAAAAAAAAAAAAAAAAAAAAAAAA
8292,160737AAAAAAAAAAAAAAAAAAAAAAAAAAAAAA
,0179f241-8c1d-47c1-8128-841f6508e251
,1065AAAAAAAAAAAAAAAAAAAAAAAAAAAAAAAA
,1066AAAAAAAAAAAAAAAAAAAAAAAAAAAAAAAA
966,966AAAAAAAAAAAAAAAAAAAAAAAAAAAAAAAAA
966,86663AAAAAAAAAAAAAAAAAAAAAAAAAAAAAAA
966,80586AAAAAAAAAAAAAAAAAAAAAAAAAAAAAAA
966,105281AAAAAAAAAAAAAAAAAAAAAAAAAAAAAA
966,461AAAAAAAAAAAAAAAAAAAAAAAAAAAAAAAAA
10426,162077AAAAAAAAAAAAAAAAAAAAAAAAAAAAAA
10426,1065AAAAAAAAAAAAAAAAAAAAAAAAAAAAAAAA
10426,1066AAAAAAAAAAAAAAAAAAAAAAAAAAAAAAAA
"7222,","159395AAAAAAAAAAAAAAAAAAAAAAAAAAAAAA"""
6105,1788AAAAAAAAAAAAAAAAAAAAAAAAAAAAAAAA
6105,1065AAAAAAAAAAAAAAAAAAAAAAAAAAAAAAAA
6105,1066AAAAAAAAAAAAAAAAAAAAAAAAAAAAAAAA
9202,161550AAAAAAAAAAAAAAAAAAAAAAAAAAAAAA
,160543AAAAAAAAAAAAAAAAAAAAAAAAAAAAAA
,1537AAAAAAAAAAAAAAAAAAAAAAAAAAAAAAAA
6748,162724AAAAAAAAAAAAAAAAAAAAAAAAAAAAAA
,160543AAAAAAAAAAAAAAAAAAAAAAAAAAAAAA
,1537AAAAAAAAAAAAAAAAAAAAAAAAAAAAAAAA
10793,160563AAAAAAAAAAAAAAAAAAAAAAAAAAAAAA
10793,1065AAAAAAAAAAAAAAAAAAAAAAAAAAAAAAAA
10793,1066AAAAAAAAAAAAAAAAAAAAAAAAAAAAAAAA
10747,160534AAAAAAAAAAAAAAAAAAAAAAAAAAAAAA
11032,49b9347f-d4e2-4a77-b6d6-e35be16b5145
11032,1066AAAAAAAAAAAAAAAAAAAAAAAAAAAAAAAA
11032,160534AAAAAAAAAAAAAAAAAAAAAAAAAAAAAA
11033,f3489e70-12c7-47af-8209-5143d1cd9081
11033,1065AAAAAAAAAAAAAAAAAAAAAAAAAAAAAAAA
11033,1066AAAAAAAAAAAAAAAAAAAAAAAAAAAAAAAA
11034,39410779-ac9e-477c-b578-4e5e1c872fd9
11034,1065AAAAAAAAAAAAAAAAAAAAAAAAAAAAAAAA
11034,1066AAAAAAAAAAAAAAAAAAAAAAAAAAAAAAAA
11035,b462c1b8-aa2f-4b5a-bad1-03a91fc11e0e
11035,1065AAAAAAAAAAAAAAAAAAAAAAAAAAAAAAAA
11035,1066AAAAAAAAAAAAAAAAAAAAAAAAAAAAAAAA
11036,190dea55-186f-40c8-845d-43635eab262a
11036,1065AAAAAAAAAAAAAAAAAAAAAAAAAAAAAAAA
11036,1066AAAAAAAAAAAAAAAAAAAAAAAAAAAAAAAA
11037,a85836a2-ef80-44b9-9570-79a6b63703d7
11037,1065AAAAAAAAAAAAAAAAAAAAAAAAAAAAAAAA
11037,1066AAAAAAAAAAAAAAAAAAAAAAAAAAAAAAAA
11038,7305dfba-4661-4703-b47c-c8c2620c88ae
11038,1065AAAAAAAAAAAAAAAAAAAAAAAAAAAAAAAA
11038,1066AAAAAAAAAAAAAAAAAAAAAAAAAAAAAAAA
11039,2c3127c2-3adc-424d-b329-e424f0976dc5
11039,1065AAAAAAAAAAAAAAAAAAAAAAAAAAAAAAAA
11039,1066AAAAAAAAAAAAAAAAAAAAAAAAAAAAAAAA
1596,161555AAAAAAAAAAAAAAAAAAAAAAAAAAAAAA
1596,5240AAAAAAAAAAAAAAAAAAAAAAAAAAAAAAAA
1596,159836AAAAAAAAAAAAAAAAAAAAAAAAAAAAAA
1596,160034AAAAAAAAAAAAAAAAAAAAAAAAAAAAAA
1596,159492AAAAAAAAAAAAAAAAAAAAAAAAAAAAAA
1596,190dea55-186f-40c8-845d-43635eab262a
1570,1543AAAAAAAAAAAAAAAAAAAAAAAAAAAAAAAA
10650,159495AAAAAAAAAAAAAAAAAAAAAAAAAAAAAA
10651,160649AAAAAAAAAAAAAAAAAAAAAAAAAAAAAA
11032,49b9347f-d4e2-4a77-b6d6-e35be16b5145
11032,1065AAAAAAAAAAAAAAAAAAAAAAAAAAAAAAAA
11032,1066AAAAAAAAAAAAAAAAAAAAAAAAAAAAAAAA
11033,f3489e70-12c7-47af-8209-5143d1cd9081
11033,1065AAAAAAAAAAAAAAAAAAAAAAAAAAAAAAAA
11033,1066AAAAAAAAAAAAAAAAAAAAAAAAAAAAAAAA
11034,39410779-ac9e-477c-b578-4e5e1c872fd9
11034,1065AAAAAAAAAAAAAAAAAAAAAAAAAAAAAAAA
11034,1066AAAAAAAAAAAAAAAAAAAAAAAAAAAAAAAA
11035,b462c1b8-aa2f-4b5a-bad1-03a91fc11e0e
11035,1065AAAAAAAAAAAAAAAAAAAAAAAAAAAAAAAA
11035,1066AAAAAAAAAAAAAAAAAAAAAAAAAAAAAAAA
11036,190dea55-186f-40c8-845d-43635eab262a
11036,1065AAAAAAAAAAAAAAAAAAAAAAAAAAAAAAAA
11036,1066AAAAAAAAAAAAAAAAAAAAAAAAAAAAAAAA
11037,a85836a2-ef80-44b9-9570-79a6b63703d7
11037,1065AAAAAAAAAAAAAAAAAAAAAAAAAAAAAAAA
11037,1066AAAAAAAAAAAAAAAAAAAAAAAAAAAAAAAA
11038,7305dfba-4661-4703-b47c-c8c2620c88ae
11038,1065AAAAAAAAAAAAAAAAAAAAAAAAAAAAAAAA
11038,1066AAAAAAAAAAAAAAAAAAAAAAAAAAAAAAAA
11039,2c3127c2-3adc-424d-b329-e424f0976dc5
11039,1065AAAAAAAAAAAAAAAAAAAAAAAAAAAAAAAA
11039,1066AAAAAAAAAAAAAAAAAAAAAAAAAAAAAAAA
10984,63da4194-a26a-4aa5-b5d5-4125b4822cf7
10984,1065AAAAAAAAAAAAAAAAAAAAAAAAAAAAAAAA
10984,1066AAAAAAAAAAAAAAAAAAAAAAAAAAAAAAAA
9467,161011AAAAAAAAAAAAAAAAAAAAAAAAAAAAAA
11899,163100AAAAAAAAAAAAAAAAAAAAAAAAAAAAAA
11899,1065AAAAAAAAAAAAAAAAAAAAAAAAAAAAAAAA
11899,1066AAAAAAAAAAAAAAAAAAAAAAAAAAAAAAAA
1390,1421AAAAAAAAAAAAAAAAAAAAAAAAAAAAAAAA
984,984AAAAAAAAAAAAAAAAAAAAAAAAAAAAAAAAA
984,166156AAAAAAAAAAAAAAAAAAAAAAAAAAAAAA
984,166355AAAAAAAAAAAAAAAAAAAAAAAAAAAAAA
984,166154AAAAAAAAAAAAAAAAAAAAAAAAAAAAAA
984,166155AAAAAAAAAAAAAAAAAAAAAAAAAAAAAA
984,166157AAAAAAAAAAAAAAAAAAAAAAAAAAAAAA
984,166379AAAAAAAAAAAAAAAAAAAAAAAAAAAAAA
984,1067AAAAAAAAAAAAAAAAAAAAAAAAAAAAAAAA
984,5622AAAAAAAAAAAAAAAAAAAAAAAAAAAAAAAA
1915,161550AAAAAAAAAAAAAAAAAAAAAAAAAAAAAA
10485,1418AAAAAAAAAAAAAAAAAAAAAAAAAAAAAAAA
10958,1410AAAAAAAAAAAAAAAAAAAAAAAAAAAAAAAA
11906,164464AAAAAAAAAAAAAAAAAAAAAAAAAAAAAA
11906,164134AAAAAAAAAAAAAAAAAAAAAAAAAAAAAA
2300,164134AAAAAAAAAAAAAAAAAAAAAAAAAAAAAA
2300,166192AAAAAAAAAAAAAAAAAAAAAAAAAAAAAA
2300,5585AAAAAAAAAAAAAAAAAAAAAAAAAAAAAAAA
11911,166063AAAAAAAAAAAAAAAAAAAAAAAAAAAAAA
11911,1065AAAAAAAAAAAAAAAAAAAAAAAAAAAAAAAA
11911,1066AAAAAAAAAAAAAAAAAAAAAAAAAAAAAAAA
1944,1184AAAAAAAAAAAAAAAAAAAAAAAAAAAAAAAA
984,984AAAAAAAAAAAAAAAAAAAAAAAAAAAAAAAAA
984,166156AAAAAAAAAAAAAAAAAAAAAAAAAAAAAA
984,166355AAAAAAAAAAAAAAAAAAAAAAAAAAAAAA
984,166154AAAAAAAAAAAAAAAAAAAAAAAAAAAAAA
984,166155AAAAAAAAAAAAAAAAAAAAAAAAAAAAAA
984,166157AAAAAAAAAAAAAAAAAAAAAAAAAAAAAA
984,166379AAAAAAAAAAAAAAAAAAAAAAAAAAAAAA
984,1067AAAAAAAAAAAAAAAAAAAAAAAAAAAAAAAA
984,5622AAAAAAAAAAAAAAAAAAAAAAAAAAAAAAAA
1915,161550AAAAAAAAAAAAAAAAAAAAAAAAAAAAAA
10485,1418AAAAAAAAAAAAAAAAAAAAAAAAAAAAAAAA
10958,1410AAAAAAAAAAAAAAAAAAAAAAAAAAAAAAAA
11906,164464AAAAAAAAAAAAAAAAAAAAAAAAAAAAAA
11906,164134AAAAAAAAAAAAAAAAAAAAAAAAAAAAAA
11909,165852AAAAAAAAAAAAAAAAAAAAAAAAAAAAAA
11909,1065AAAAAAAAAAAAAAAAAAAAAAAAAAAAAAAA
11909,1066AAAAAAAAAAAAAAAAAAAAAAAAAAAAAAAA
11908,166638AAAAAAAAAAAAAAAAAAAAAAAAAAAAAA
11908,703AAAAAAAAAAAAAAAAAAAAAAAAAAAAAAAAA
11908,664AAAAAAAAAAAAAAAAAAAAAAAAAAAAAAAAA
9728,159948AAAAAAAAAAAAAAAAAAAAAAAAAAAAAA
11124,159640AAAAAAAAAAAAAAAAAAAAAAAAAAAAAA
11124,1068AAAAAAAAAAAAAAAAAAAAAAAAAAAAAAAA
11124,165912AAAAAAAAAAAAAAAAAAAAAAAAAAAAAA
6419,162477AAAAAAAAAAAAAAAAAAAAAAAAAAAAAA
6419,1065AAAAAAAAAAAAAAAAAAAAAAAAAAAAAAAA
6419,1066AAAAAAAAAAAAAAAAAAAAAAAAAAAAAAAA
11912,161010AAAAAAAAAAAAAAAAAAAAAAAAAAAAAA
11912,165994AAAAAAAAAAAAAAAAAAAAAAAAAAAAAA
11912,165995AAAAAAAAAAAAAAAAAAAAAAAAAAAAAA
11912,161936AAAAAAAAAAAAAAAAAAAAAAAAAAAAAA
11916,165864AAAAAAAAAAAAAAAAAAAAAAAAAAAAAA
11916,1065AAAAAAAAAAAAAAAAAAAAAAAAAAAAAAAA
11916,1066AAAAAAAAAAAAAAAAAAAAAAAAAAAAAAAA
10706,160753AAAAAAAAAAAAAAAAAAAAAAAAAAAAAA
1357,159427AAAAAAAAAAAAAAAAAAAAAAAAAAAAAA
1357,664AAAAAAAAAAAAAAAAAAAAAAAAAAAAAAAAA
1357,703AAAAAAAAAAAAAAAAAAAAAAAAAAAAAAAAA
1357,
1596,161555AAAAAAAAAAAAAAAAAAAAAAAAAAAAAA
1596,5240AAAAAAAAAAAAAAAAAAAAAAAAAAAAAAAA
1596,160432AAAAAAAAAAAAAAAAAAAAAAAAAAAAAA
1596,138571AAAAAAAAAAAAAAAAAAAAAAAAAAAAAA
1596,159492AAAAAAAAAAAAAAAAAAAAAAAAAAAAAA
1596,1403AAAAAAAAAAAAAAAAAAAAAAAAAAAAAAAA
1596,161555AAAAAAAAAAAAAAAAAAAAAAAAAAAAAA
1596,160432AAAAAAAAAAAAAAAAAAAAAAAAAAAAAA
1596,162050AAAAAAAAAAAAAAAAAAAAAAAAAAAAAA
1596,159492AAAAAAAAAAAAAAAAAAAAAAAAAAAAAA
1596,5240AAAAAAAAAAAAAAAAAAAAAAAAAAAAAAAA
1596,1692AAAAAAAAAAAAAAAAAAAAAAAAAAAAAAAA
9775,162053AAAAAAAAAAAAAAAAAAAAAAAAAAAAAA
9775,160649AAAAAAAAAAAAAAAAAAAAAAAAAAAAAA
9775,599AAAAAAAAAAAAAAAAAAAAAAAAAAAAAAAA
9775,163324AAAAAAAAAAAAAAAAAAAAAAAAAAAAAA
9775,116030AAAAAAAAAAAAAAAAAAAAAAAAAAAAAA
9775,160159AAAAAAAAAAAAAAAAAAAAAAAAAAAAAA
9775,160158AAAAAAAAAAAAAAAAAAAAAAAAAAAAAA
9775,133478AAAAAAAAAAAAAAAAAAAAAAAAAAAAAA
9775,123812AAAAAAAAAAAAAAAAAAAAAAAAAAAAAA
9775,1142917AAAAAAAAAAAAAAAAAAAAAAAAAAAAAA
9611,161558AAAAAAAAAAAAAAAAAAAAAAAAAAAAAA
1065,1065AAAAAAAAAAAAAAAAAAAAAAAAAAAAAAAA
1066,1066AAAAAAAAAAAAAAAAAAAAAAAAAAAAAAAA
6235,b39992a0-7d5b-4b72-b551-9e0970ae49fa
1107,1107AAAAAAAAAAAAAAAAAAAAAAAAAAAAAAAA
11583,145762AAAAAAAAAAAAAAAAAAAAAAAAAAAAAA
5993,121809AAAAAAAAAAAAAAAAAAAAAAAAAAAAAA
9749,116995AAAAAAAAAAAAAAAAAAAAAAAAAAAAAA
902,130644AAAAAAAAAAAAAAAAAAAAAAAAAAAAAA
9750,148895AAAAAAAAAAAAAAAAAAAAAAAAAAAAAA
5622,5622AAAAAAAAAAAAAAAAAAAAAAAAAAAAAAAA
1915,160632AAAAAAAAAAAAAAAAAAAAAAAAAAAAAA
6235,b39992a0-7d5b-4b72-b551-9e0970ae49fa
1107,1107AAAAAAAAAAAAAAAAAAAAAAAAAAAAAAAA
5995,123529AAAAAAAAAAAAAAAAAAAAAAAAAAAAAA
9750,148895AAAAAAAAAAAAAAAAAAAAAAAAAAAAAA
5622,5622AAAAAAAAAAAAAAAAAAAAAAAAAAAAAAAA
1915,160632AAAAAAAAAAAAAAAAAAAAAAAAAAAAAA
12387,d7b6a98f-025e-4732-b0b2-2fe8b00e6b4c
1065,1065AAAAAAAAAAAAAAAAAAAAAAAAAAAAAAA
1066,1066AAAAAAAAAAAAAAAAAAAAAAAAAAAAAAAA
8707,8565825d-6cff-4451-8707-09e46d861fc7
1065,1065AAAAAAAAAAAAAAAAAAAAAAAAAAAAAAAA
1066,1066AAAAAAAAAAAAAAAAAAAAAAAAAAAAAAAA
2062,085ce2e6-071e-43be-a32c-ecaac001e44f
1065,1065AAAAAAAAAAAAAAAAAAAAAAAAAAAAAAAA
1066,1066AAAAAAAAAAAAAAAAAAAAAAAAAAAAAAAA
1067,1067AAAAAAAAAAAAAAAAAAAAAAAAAAAAAAAA
1272,1272AAAAAAAAAAAAAAAAAAAAAAAAAAAAAAAA
1065,1065AAAAAAAAAAAAAAAAAAAAAAAAAAAAAAAA
1066,1066AAAAAAAAAAAAAAAAAAAAAAAAAAAAAAAA
,1427AAAAAAAAAAAAAAAAAAAAAAAAAAAAAAAA
5990,160596AAAAAAAAAAAAAAAAAAAAAAAAAAAAAA
1065,134346AAAAAAAAAAAAAAAAAAAAAAAAAAAAAA
1066,154175AAAAAAAAAAAAAAAAAAAAAAAAAAAAAA
8351,5272AAAAAAAAAAAAAAAAAAAAAAAAAAAAAAAA
1065,1065AAAAAAAAAAAAAAAAAAAAAAAAAAAAAAAA
1066,1066AAAAAAAAAAAAAAAAAAAAAAAAAAAAAAAA
5596,5596AAAAAAAAAAAAAAAAAAAAAAAAAAAAAAAA
6689,1426AAAAAAAAAAAAAAAAAAAAAAAAAAAAAAAA
1065,1065AAAAAAAAAAAAAAAAAAAAAAAAAAAAAAAA
1066,1066AAAAAAAAAAAAAAAAAAAAAAAAAAAAAAAA
5632,5632AAAAAAAAAAAAAAAAAAAAAAAAAAAAAAAA
1065,1065AAAAAAAAAAAAAAAAAAAAAAAAAAAAAAAA
1066,1066AAAAAAAAAAAAAAAAAAAAAAAAAAAAAAAA
8355,160653AAAAAAAAAAAAAAAAAAAAAAAAAAAAAA
10709,160652AAAAAAAAAAAAAAAAAAAAAAAAAAAAAA
965,965AAAAAAAAAAAAAAAAAAAAAAAAAAAAAAAAA
8356,1360AAAAAAAAAAAAAAAAAAAAAAAAAAAAAAAA
374,374AAAAAAAAAAAAAAAAAAAAAAAAAAAAAAAAA
6725,160570AAAAAAAAAAAAAAAAAAAAAAAAAAAAAA
780,780AAAAAAAAAAAAAAAAAAAAAAAAAAAAAAAAA
5279,"5279AAAAAAAAAAAAAAAAAAAAAAAAAAAAAAAA"""
10817,1359AAAAAAAAAAAAAAAAAAAAAAAAAAAAAAAA
8300,136163AAAAAAAAAAAAAAAAAAAAAAAAAAAAAA
9735,5275AAAAAAAAAAAAAAAAAAAAAAAAAAAAAAAA
5278,5278AAAAAAAAAAAAAAAAAAAAAAAAAAAAAAAA
5277,5277AAAAAAAAAAAAAAAAAAAAAAAAAAAAAAAA
6700,1472AAAAAAAAAAAAAAAAAAAAAAAAAAAAAAAA
190,190AAAAAAAAAAAAAAAAAAAAAAAAAAAAAAAAA
6701,1489AAAAAAAAAAAAAAAAAAAAAAAAAAAAAAAA
,d643740c-833e-452c-af6c-6a3af083775a
1065,1065AAAAAAAAAAAAAAAAAAAAAAAAAAAAAAAA
1066,1066AAAAAAAAAAAAAAAAAAAAAAAAAAAAAAAA
6224,161033AAAAAAAAAAAAAAAAAAAAAAAAAAAAAA
11704,1395AAAAAAAAAAAAAAAAAAAAAAAAAAAAAAAA
6648,129218AAAAAAAAAAAAAAAAAAAAAAAAAAAAAA
1993,125872AAAAAAAAAAAAAAAAAAAAAAAAAAAAAA
11646,159896AAAAAAAAAAAAAAAAAAAAAAAAAAAAAA
5599,5599AAAAAAAAAAAAAAAAAAAAAAAAAAAAAAAA
9910,159521AAAAAAAAAAAAAAAAAAAAAAAAAAAAAA
1065,1065AAAAAAAAAAAAAAAAAAAAAAAAAAAAAAAA
1066,1066AAAAAAAAAAAAAAAAAAAAAAAAAAAAAAAA
1067,1067AAAAAAAAAAAAAAAAAAAAAAAAAAAAAAAA
1664,121764AAAAAAAAAAAAAAAAAAAAAAAAAAAAAA
1193,1193AAAAAAAAAAAAAAAAAAAAAAAAAAAAAAAA
11695,103727AAAAAAAAAAAAAAAAAAAAAAAAAAAAAA
7584,77164AAAAAAAAAAAAAAAAAAAAAAAAAAAAAAA
656,78280AAAAAAAAAAAAAAAAAAAAAAAAAAAAAAA
11692,162298AAAAAAAAAAAAAAAAAAAAAAAAAAAAAA
8893,162305AAAAAAAAAAAAAAAAAAAAAAAAAAAAAA
797,86663AAAAAAAAAAAAAAAAAAAAAAAAAAAAAAA
273,82023AAAAAAAAAAAAAAAAAAAAAAAAAAAAAAA
11703,162307AAAAAAAAAAAAAAAAAAAAAAAAAAAAAA
920,72822AAAAAAAAAAAAAAAAAAAAAAAAAAAAAAA
794,794AAAAAAAAAAAAAAAAAAAAAAAAAAAAAAAAA
6477,80106AAAAAAAAAAAAAAAAAAAAAAAAAAAAAAA
98,73300AAAAAAAAAAAAAAAAAAAAAAAAAAAAAAA
631,80586AAAAAAAAAAAAAAAAAAAAAAAAAAAAAAA
796,74807AAAAAAAAAAAAAAAAAAAAAAAAAAAAAAA
270,84893AAAAAAAAAAAAAAAAAAAAAAAAAAAAAAA
11697,73667AAAAAAAAAAAAAAAAAAAAAAAAAAAAAAA
272,162302AAAAAAAAAAAAAAAAAAAAAAAAAAAAAA
767,767AAAAAAAAAAAAAAAAAAAAAAAAAAAAAAAAA
11702,83018AAAAAAAAAAAAAAAAAAAAAAAAAAAAAAA
814,70056AAAAAAAAAAAAAAAAAAAAAAAAAAAAAAA
5829,82900AAAAAAAAAAAAAAAAAAAAAAAAAAAAAAA
625,84309AAAAAAAAAAAAAAAAAAAAAAAAAAAAAAA
11700,81959AAAAAAAAAAAAAAAAAAAAAAAAAAAAAAA
11694,162299AAAAAAAAAAAAAAAAAAAAAAAAAAAAAA
11698,80696AAAAAAAAAAAAAAAAAAAAAAAAAAAAAAA
11701,82559AAAAAAAAAAAAAAAAAAAAAAAAAAAAAAA
11699,81723AAAAAAAAAAAAAAAAAAAAAAAAAAAAAAA
11696,162301AAAAAAAAAAAAAAAAAAAAAAAAAAAAAA
5622,5622AAAAAAAAAAAAAAAAAAAAAAAAAAAAAAAA
745,75948AAAAAAAAAAAAAAAAAAAAAAAAAAAAAAA
929,77675AAAAAAAAAAAAAAAAAAAAAAAAAAAAAAA
802,84795AAAAAAAAAAAAAAAAAAAAAAAAAAAAAAA
,155060AAAAAAAAAAAAAAAAAAAAAAAAAAAAAA
6476,162306AAAAAAAAAAAAAAAAAAAAAAAAAAAAAA
633,75523AAAAAAAAAAAAAAAAAAAAAAAAAAAAAAA
11693,70878AAAAAAAAAAAAAAAAAAAAAAAAAAAAAAA
784,81724AAAAAAAAAAAAAAAAAAAAAAAAAAAAAAA
6159,71647AAAAAAAAAAAAAAAAAAAAAAAAAAAAAAA
11027,162170AAAAAAAAAAAAAAAAAAAAAAAAAAAAAA
2033,159935AAAAAAAAAAAAAAAAAAAAAAAAAAAAAA
879,879AAAAAAAAAAAAAAAAAAAAAAAAAAAAAAAAA
121,121AAAAAAAAAAAAAAAAAAAAAAAAAAAAAAAAA
5945,140238AAAAAAAAAAAAAAAAAAAAAAAAAAAAA
10701,159347AAAAAAAAAAAAAAAAAAAAAAAAAAAAAA
620,139084AAAAAAAAAAAAAAAAAAAAAAAAAAAAAA
108,108AAAAAAAAAAAAAAAAAAAAAAAAAAAAAAAAA
7954,148787AAAAAAAAAAAAAAAAAAAAAAAAAAAAAA
8607,159098AAAAAAAAAAAAAAAAAAAAAAAAAAAAAA
16,142412AAAAAAAAAAAAAAAAAAAAAAAAAAAAAA
10700,140039AAAAAAAAAAAAAAAAAAAAAAAAAAAAAA
10698,148888AAAAAAAAAAAAAAAAAAAAAAAAAAAAAA
5622,5622AAAAAAAAAAAAAAAAAAAAAAAAAAAAAAAA
1067,1067AAAAAAAAAAAAAAAAAAAAAAAAAAAAAAAA
1530,120148AAAAAAAAAAAAAAAAAAAAAAAAAAAAAA
10699,118773AAAAAAAAAAAAAAAAAAAAAAAAAAAAAA
8394,121677AAAAAAAAAAAAAAAAAAAAAAAAAAAAAA
903,117399AAAAAAAAAAAAAAAAAAAAAAAAAAAAAA
3,121629AAAAAAAAAAAAAAAAAAAAAAAAAAAAAA
10812,139581AAAAAAAAAAAAAAAAAAAAAAAAAAAAAA
107,143264AAAAAAAAAAAAAAAAAAAAAAAAAAAAAA
512,512AAAAAAAAAAAAAAAAAAAAAAAAAAAAAAAAA
10813,111061AAAAAAAAAAAAAAAAAAAAAAAAAAAAAA
6968,162760AAAAAAAAAAAAAAAAAAAAAAAAAAAAAA
12014,1067AAAAAAAAAAAAAAAAAAAAAAAAAAAAAAAA
12247,162819AAAAAAAAAAAAAAAAAAAAAAAAAAAAAA
1744,1499AAAAAAAAAAAAAAAAAAAAAAAAAAAAAAAA
1745,1500AAAAAAAAAAAAAAAAAAAAAAAAAAAAAAAA
1743,1498AAAAAAAAAAAAAAAAAAAAAAAAAAAAAAAA
10706,160753AAAAAAAAAAAAAAAAAAAAAAAAAAAAA
1255,1255AAAAAAAAAAAAAAAAAAAAAAAAAAAAAAAA
1259,1259AAAAAAAAAAAAAAAAAAAAAAAAAAAAAAAA
1260,1260AAAAAAAAAAAAAAAAAAAAAAAAAAAAAAAA
1257,1257AAAAAAAAAAAAAAAAAAAAAAAAAAAAAAAA
1258,1258AAAAAAAAAAAAAAAAAAAAAAAAAAAAAAAA
1107,1107AAAAAAAAAAAAAAAAAAAAAAAAAAAAAAAA
981,981AAAAAAAAAAAAAAAAAAAAAAAAAAAAAAAAA
5622,5622AAAAAAAAAAAAAAAAAAAAAAAAAAAAAAAA
,aba5a106-719b-46f3-9199-224f3881a738
1065,1065AAAAAAAAAAAAAAAAAAAAAAAAAAAAAAAA
1066,1066AAAAAAAAAAAAAAAAAAAAAAAAAAAAAAAA
9771,906ac5d0-566a-466e-93e4-2f23b4fb319b
1065,1065AAAAAAAAAAAAAAAAAAAAAAAAAAAAAAAA
1066,1066AAAAAAAAAAAAAAAAAAAAAAAAAAAAAAAA
9082,160433AAAAAAAAAAAAAAAAAAAAAAAAAAAAAA
6343,159405AAAAAAAAAAAAAAAAAAAAAAAAAAAAAA
6655,159406AAAAAAAAAAAAAAAAAAAAAAAAAAAAAA
6344,159407AAAAAAAAAAAAAAAAAAAAAAAAAAAAAA
1668,160582AAAAAAAAAAAAAAAAAAAAAAAAAAAAAA
9337,163293AAAAAAAAAAAAAAAAAAAAAAAAAAAAAA
11016,366aa52d-67cf-4f8a-bcef-095252b21e9e
7064,160583AAAAAAAAAAAAAAAAAAAAAAAAAAAAAA
1064,1064AAAAAAAAAAAAAAAAAAAAAAAAAAAAAAAA
7065,160588AAAAAAAAAAAAAAAAAAAAAAAAAAAAAA
6100,160584AAAAAAAAAAAAAAAAAAAAAAAAAAAAAA
9770,056AAAAAAAAAAAAAAAAAAAAAAAAAAAAAAAA
2033,159935AAAAAAAAAAAAAAAAAAAAAAAAAAAAAA
1648,160587AAAAAAAAAAAAAAAAAAAAAAAAAAAAAA
,5622AAAAAAAAAAAAAAAAAAAAAAAAAAAAAAAA
9803,5725724b-058b-45cc-9384-57221daa3a0d
1107,1107AAAAAAAAAAAAAAAAAAAAAAAAAAAAAAAA
1169,138571AAAAAAAAAAAAAAAAAAAAAAAAAAAAAA
,155589AAAAAAAAAAAAAAAAAAAAAAAAAAAAAA
9800,127750AAAAAAAAAAAAAAAAAAAAAAAAAAAAAA
,39fa4212-1210-49e0-ad62-d01090c1cf67
9772,42ad51f2-dc4f-48eb-8440-9a0bd8969374
1257,1257AAAAAAAAAAAAAAAAAAAAAAAAAAAAAAAA
1850,162904AAAAAAAAAAAAAAAAAAAAAAAAAAAAAA
,1256AAAAAAAAAAAAAAAAAAAAAAAAAAAAAAAA
1260,1260AAAAAAAAAAAAAAAAAAAAAAAAAAAAAAAA
12446,4b59ac07-cf72-4f46-b8c0-4f62b1779f7e
6451,159737AAAAAAAAAAAAAAAAAAAAAAAAAAAAAA
10269,141748AAAAAAAAAAAAAAAAAAAAAAAAAAAAAA
12445,167533AAAAAAAAAAAAAAAAAAAAAAAAAAAAAA
1664,121760AAAAAAAAAAAAAAAAAAAAAAAAAAAAAA
7043,160662AAAAAAAAAAAAAAAAAAAAAAAAAAAAAA
,68bfa3f3-1fc7-4d9d-bb41-e897c3c430ef
9773,1417AAAAAAAAAAAAAAAAAAAAAAAAAAAAAAAA
1065,1065AAAAAAAAAAAAAAAAAAAAAAAAAAAAAAAA
1066,1066AAAAAAAAAAAAAAAAAAAAAAAAAAAAAAAA
12443,166866AAAAAAAAAAAAAAAAAAAAAAAAAAAAAA
12430,cb583a50-2b6c-4a6a-a458-a6a3c41fa1a7
12433,58ed1f26-430f-4922-9bcf-00c51ec7bcb1
12432,b3f6eab2-93bd-4fe0-81ce-5b7ec633a55a
12431,5424AAAAAAAAAAAAAAAAAAAAAAAAAAAAAAAA
9774,164515AAAAAAAAAAAAAAAAAAAAAAAAAAAAAA
1400,161364AAAAAAAAAAAAAAAAAAAAAAAAAAAAAA
802,84795AAAAAAAAAAAAAAAAAAAAAAAAAAAAAAA
6180,104567AAAAAAAAAAAAAAAAAAAAAAAAAAAAAA
,164433AAAAAAAAAAAAAAAAAAAAAAAAAAAAAA
,159777AAAAAAAAAAAAAAAAAAAAAAAAAAAAAA
1065,1065AAAAAAAAAAAAAAAAAAAAAAAAAAAAAAAA
1066,1066AAAAAAAAAAAAAAAAAAAAAAAAAAAAAAAA
8706,771638d9-9600-4a6b-8e5d-c6dcdedbc9cd
10488,7bfe041e-e921-4798-b9fd-a8f222a56be2
1065,1065AAAAAAAAAAAAAAAAAAAAAAAAAAAAAAAA
1066,1066AAAAAAAAAAAAAAAAAAAAAAAAAAAAAAAA
1596,161555AAAAAAAAAAAAAAAAAAAAAAAAAAAAAA
978,
5240,5240AAAAAAAAAAAAAAAAAAAAAAAAAAAAAAAA
,150506AAAAAAAAAAAAAAAAAAAAAAAAAAAAAA
9781,164401AAAAAAAAAAAAAAAAAAAAAAAAAAAAAA
1169,138571AAAAAAAAAAAAAAAAAAAAAAAAAAAAAA
9778,162696AAAAAAAAAAAAAAAAAAAAAAAAAAAAAA
1593,160034AAAAAAAAAAAAAAAAAAAAAAAAAAAAAA
9779,1302AAAAAAAAAAAAAAAAAAAAAAAAAAAAAAAA
5622,5622AAAAAAAAAAAAAAAAAAAAAAAAAAAAAAAA
,162479AAAAAAAAAAAAAAAAAAAAAAAAAAAAAA
1434,159598AAAAAAAAAAAAAAAAAAAAAAAAAAAAAA
9777,160581AAAAAAAAAAAAAAAAAAAAAAAAAAAAAA
1594,159492AAAAAAAAAAAAAAAAAAAAAAAAAAAAAA
10119,121760AAAAAAAAAAAAAAAAAAAAAAAAAAAAA
1885,113338AAAAAAAAAAAAAAAAAAAAAAAAAAAAAA
,
9605,162549AAAAAAAAAAAAAAAAAAAAAAAAAAAAAA
9611,161558AAAAAAAAAAAAAAAAAAAAAAAAAAAAAA
1065,1065AAAAAAAAAAAAAAAAAAAAAAAAAAAAAAAA
1066,1066AAAAAAAAAAAAAAAAAAAAAAAAAAAAAAAA
6235,b39992a0-7d5b-4b72-b551-9e0970ae49fa
1107,1107AAAAAAAAAAAAAAAAAAAAAAAAAAAAAAAA
11583,145762AAAAAAAAAAAAAAAAAAAAAAAAAAAAAA
5993,121809AAAAAAAAAAAAAAAAAAAAAAAAAAAAAA
9749,116995AAAAAAAAAAAAAAAAAAAAAAAAAAAAAA
902,130644AAAAAAAAAAAAAAAAAAAAAAAAAAAAAA
9750,148895AAAAAAAAAAAAAAAAAAAAAAAAAAAAAA
5622,5622AAAAAAAAAAAAAAAAAAAAAAAAAAAAAAAA
1915,160632AAAAAAAAAAAAAAAAAAAAAAAAAAAAAA
6235,b39992a0-7d5b-4b72-b551-9e0970ae49fa
1107,1107AAAAAAAAAAAAAAAAAAAAAAAAAAAAAAAA
5995,123529AAAAAAAAAAAAAAAAAAAAAAAAAAAAAA
9750,148895AAAAAAAAAAAAAAAAAAAAAAAAAAAAAA
5622,5622AAAAAAAAAAAAAAAAAAAAAAAAAAAAAAAA
1915,160632AAAAAAAAAAAAAAAAAAAAAAAAAAAAAA
12387,d7b6a98f-025e-4732-b0b2-2fe8b00e6b4c
1065,1065AAAAAAAAAAAAAAAAAAAAAAAAAAAAAAA
1066,1066AAAAAAAAAAAAAAAAAAAAAAAAAAAAAAAA
8707,8565825d-6cff-4451-8707-09e46d861fc7
1065,1065AAAAAAAAAAAAAAAAAAAAAAAAAAAAAAAA
1066,1066AAAAAAAAAAAAAAAAAAAAAAAAAAAAAAAA
2062,085ce2e6-071e-43be-a32c-ecaac001e44f
1065,1065AAAAAAAAAAAAAAAAAAAAAAAAAAAAAAAA
1066,1066AAAAAAAAAAAAAAAAAAAAAAAAAAAAAAAA
1067,1067AAAAAAAAAAAAAAAAAAAAAAAAAAAAAAAA
1272,1272AAAAAAAAAAAAAAAAAAAAAAAAAAAAAAAA
1065,1065AAAAAAAAAAAAAAAAAAAAAAAAAAAAAAAA
1066,1066AAAAAAAAAAAAAAAAAAAAAAAAAAAAAAAA
,1427AAAAAAAAAAAAAAAAAAAAAAAAAAAAAAAA
5990,160596AAAAAAAAAAAAAAAAAAAAAAAAAAAAAA
1065,134346AAAAAAAAAAAAAAAAAAAAAAAAAAAAAA
1066,154175AAAAAAAAAAAAAAAAAAAAAAAAAAAAAA
8351,5272AAAAAAAAAAAAAAAAAAAAAAAAAAAAAAAA
1065,1065AAAAAAAAAAAAAAAAAAAAAAAAAAAAAAAA
1066,1066AAAAAAAAAAAAAAAAAAAAAAAAAAAAAAAA
5596,5596AAAAAAAAAAAAAAAAAAAAAAAAAAAAAAAA
6689,1426AAAAAAAAAAAAAAAAAAAAAAAAAAAAAAAA
1065,1065AAAAAAAAAAAAAAAAAAAAAAAAAAAAAAAA
1066,1066AAAAAAAAAAAAAAAAAAAAAAAAAAAAAAAA
5632,5632AAAAAAAAAAAAAAAAAAAAAAAAAAAAAAAA
1065,1065AAAAAAAAAAAAAAAAAAAAAAAAAAAAAAAA
1066,1066AAAAAAAAAAAAAAAAAAAAAAAAAAAAAAAA
8355,160653AAAAAAAAAAAAAAAAAAAAAAAAAAAAAA
10709,160652AAAAAAAAAAAAAAAAAAAAAAAAAAAAAA
965,965AAAAAAAAAAAAAAAAAAAAAAAAAAAAAAAAA
8356,1360AAAAAAAAAAAAAAAAAAAAAAAAAAAAAAAA
374,374AAAAAAAAAAAAAAAAAAAAAAAAAAAAAAAAA
6725,160570AAAAAAAAAAAAAAAAAAAAAAAAAAAAAA
780,780AAAAAAAAAAAAAAAAAAAAAAAAAAAAAAAAA
5279,"5279AAAAAAAAAAAAAAAAAAAAAAAAAAAAAAAA"""
10817,1359AAAAAAAAAAAAAAAAAAAAAAAAAAAAAAAA
8300,136163AAAAAAAAAAAAAAAAAAAAAAAAAAAAAA
9735,5275AAAAAAAAAAAAAAAAAAAAAAAAAAAAAAAA
5278,5278AAAAAAAAAAAAAAAAAAAAAAAAAAAAAAAA
5277,5277AAAAAAAAAAAAAAAAAAAAAAAAAAAAAAAA
6700,1472AAAAAAAAAAAAAAAAAAAAAAAAAAAAAAAA
190,190AAAAAAAAAAAAAAAAAAAAAAAAAAAAAAAAA
6701,1489AAAAAAAAAAAAAAAAAAAAAAAAAAAAAAAA
,d643740c-833e-452c-af6c-6a3af083775a
1065,1065AAAAAAAAAAAAAAAAAAAAAAAAAAAAAAAA
1066,1066AAAAAAAAAAAAAAAAAAAAAAAAAAAAAAAA
6224,161033AAAAAAAAAAAAAAAAAAAAAAAAAAAAAA
11704,1395AAAAAAAAAAAAAAAAAAAAAAAAAAAAAAAA
6648,129218AAAAAAAAAAAAAAAAAAAAAAAAAAAAAA
1993,125872AAAAAAAAAAAAAAAAAAAAAAAAAAAAAA
11646,159896AAAAAAAAAAAAAAAAAAAAAAAAAAAAAA
5599,5599AAAAAAAAAAAAAAAAAAAAAAAAAAAAAAAA
9910,159521AAAAAAAAAAAAAAAAAAAAAAAAAAAAAA
1065,1065AAAAAAAAAAAAAAAAAAAAAAAAAAAAAAAA
1066,1066AAAAAAAAAAAAAAAAAAAAAAAAAAAAAAAA
1067,1067AAAAAAAAAAAAAAAAAAAAAAAAAAAAAAAA
1664,121764AAAAAAAAAAAAAAAAAAAAAAAAAAAAAA
1193,1193AAAAAAAAAAAAAAAAAAAAAAAAAAAAAAAA
11695,103727AAAAAAAAAAAAAAAAAAAAAAAAAAAAAA
7584,77164AAAAAAAAAAAAAAAAAAAAAAAAAAAAAAA
656,78280AAAAAAAAAAAAAAAAAAAAAAAAAAAAAAA
11692,162298AAAAAAAAAAAAAAAAAAAAAAAAAAAAAA
8893,162305AAAAAAAAAAAAAAAAAAAAAAAAAAAAAA
797,86663AAAAAAAAAAAAAAAAAAAAAAAAAAAAAAA
273,82023AAAAAAAAAAAAAAAAAAAAAAAAAAAAAAA
11703,162307AAAAAAAAAAAAAAAAAAAAAAAAAAAAAA
920,72822AAAAAAAAAAAAAAAAAAAAAAAAAAAAAAA
794,794AAAAAAAAAAAAAAAAAAAAAAAAAAAAAAAAA
6477,80106AAAAAAAAAAAAAAAAAAAAAAAAAAAAAAA
98,73300AAAAAAAAAAAAAAAAAAAAAAAAAAAAAAA
631,80586AAAAAAAAAAAAAAAAAAAAAAAAAAAAAAA
796,74807AAAAAAAAAAAAAAAAAAAAAAAAAAAAAAA
270,84893AAAAAAAAAAAAAAAAAAAAAAAAAAAAAAA
11697,73667AAAAAAAAAAAAAAAAAAAAAAAAAAAAAAA
272,162302AAAAAAAAAAAAAAAAAAAAAAAAAAAAAA
767,767AAAAAAAAAAAAAAAAAAAAAAAAAAAAAAAAA
11702,83018AAAAAAAAAAAAAAAAAAAAAAAAAAAAAAA
814,70056AAAAAAAAAAAAAAAAAAAAAAAAAAAAAAA
5829,82900AAAAAAAAAAAAAAAAAAAAAAAAAAAAAAA
625,84309AAAAAAAAAAAAAAAAAAAAAAAAAAAAAAA
11700,81959AAAAAAAAAAAAAAAAAAAAAAAAAAAAAAA
11694,162299AAAAAAAAAAAAAAAAAAAAAAAAAAAAAA
11698,80696AAAAAAAAAAAAAAAAAAAAAAAAAAAAAAA
11701,82559AAAAAAAAAAAAAAAAAAAAAAAAAAAAAAA
11699,81723AAAAAAAAAAAAAAAAAAAAAAAAAAAAAAA
11696,162301AAAAAAAAAAAAAAAAAAAAAAAAAAAAAA
5622,5622AAAAAAAAAAAAAAAAAAAAAAAAAAAAAAAA
745,75948AAAAAAAAAAAAAAAAAAAAAAAAAAAAAAA
929,77675AAAAAAAAAAAAAAAAAAAAAAAAAAAAAAA
802,84795AAAAAAAAAAAAAAAAAAAAAAAAAAAAAAA
,155060AAAAAAAAAAAAAAAAAAAAAAAAAAAAAA
6476,162306AAAAAAAAAAAAAAAAAAAAAAAAAAAAAA
633,75523AAAAAAAAAAAAAAAAAAAAAAAAAAAAAAA
11693,70878AAAAAAAAAAAAAAAAAAAAAAAAAAAAAAA
784,81724AAAAAAAAAAAAAAAAAAAAAAAAAAAAAAA
6159,71647AAAAAAAAAAAAAAAAAAAAAAAAAAAAAAA
11027,162170AAAAAAAAAAAAAAAAAAAAAAAAAAAAAA
2033,159935AAAAAAAAAAAAAAAAAAAAAAAAAAAAAA
879,879AAAAAAAAAAAAAAAAAAAAAAAAAAAAAAAAA
121,121AAAAAAAAAAAAAAAAAAAAAAAAAAAAAAAAA
5945,140238AAAAAAAAAAAAAAAAAAAAAAAAAAAAA
10701,159347AAAAAAAAAAAAAAAAAAAAAAAAAAAAAA
620,139084AAAAAAAAAAAAAAAAAAAAAAAAAAAAAA
108,108AAAAAAAAAAAAAAAAAAAAAAAAAAAAAAAAA
7954,148787AAAAAAAAAAAAAAAAAAAAAAAAAAAAAA
8607,159098AAAAAAAAAAAAAAAAAAAAAAAAAAAAAA
16,142412AAAAAAAAAAAAAAAAAAAAAAAAAAAAAA
10700,140039AAAAAAAAAAAAAAAAAAAAAAAAAAAAAA
10698,148888AAAAAAAAAAAAAAAAAAAAAAAAAAAAAA
5622,5622AAAAAAAAAAAAAAAAAAAAAAAAAAAAAAAA
1067,1067AAAAAAAAAAAAAAAAAAAAAAAAAAAAAAAA
1530,120148AAAAAAAAAAAAAAAAAAAAAAAAAAAAAA
10699,118773AAAAAAAAAAAAAAAAAAAAAAAAAAAAAA
8394,121677AAAAAAAAAAAAAAAAAAAAAAAAAAAAAA
903,117399AAAAAAAAAAAAAAAAAAAAAAAAAAAAAA
3,121629AAAAAAAAAAAAAAAAAAAAAAAAAAAAAA
10812,139581AAAAAAAAAAAAAAAAAAAAAAAAAAAAAA
107,143264AAAAAAAAAAAAAAAAAAAAAAAAAAAAAA
512,512AAAAAAAAAAAAAAAAAAAAAAAAAAAAAAAAA
10813,111061AAAAAAAAAAAAAAAAAAAAAAAAAAAAAA
6968,162760AAAAAAAAAAAAAAAAAAAAAAAAAAAAAA
12014,1067AAAAAAAAAAAAAAAAAAAAAAAAAAAAAAAA
12247,162819AAAAAAAAAAAAAAAAAAAAAAAAAAAAAA
1744,1499AAAAAAAAAAAAAAAAAAAAAAAAAAAAAAAA
1745,1500AAAAAAAAAAAAAAAAAAAAAAAAAAAAAAAA
1743,1498AAAAAAAAAAAAAAAAAAAAAAAAAAAAAAAA
10706,160753AAAAAAAAAAAAAAAAAAAAAAAAAAAAA
1255,1255AAAAAAAAAAAAAAAAAAAAAAAAAAAAAAAA
1259,1259AAAAAAAAAAAAAAAAAAAAAAAAAAAAAAAA
1260,1260AAAAAAAAAAAAAAAAAAAAAAAAAAAAAAAA
1257,1257AAAAAAAAAAAAAAAAAAAAAAAAAAAAAAAA
1258,1258AAAAAAAAAAAAAAAAAAAAAAAAAAAAAAAA
1107,1107AAAAAAAAAAAAAAAAAAAAAAAAAAAAAAAA
981,981AAAAAAAAAAAAAAAAAAAAAAAAAAAAAAAAA
5622,5622AAAAAAAAAAAAAAAAAAAAAAAAAAAAAAAA
,aba5a106-719b-46f3-9199-224f3881a738
1065,1065AAAAAAAAAAAAAAAAAAAAAAAAAAAAAAAA
1066,1066AAAAAAAAAAAAAAAAAAAAAAAAAAAAAAAA
9771,906ac5d0-566a-466e-93e4-2f23b4fb319b
1065,1065AAAAAAAAAAAAAAAAAAAAAAAAAAAAAAAA
1066,1066AAAAAAAAAAAAAAAAAAAAAAAAAAAAAAAA
9082,160433AAAAAAAAAAAAAAAAAAAAAAAAAAAAAA
6343,159405AAAAAAAAAAAAAAAAAAAAAAAAAAAAAA
6655,159406AAAAAAAAAAAAAAAAAAAAAAAAAAAAAA
6344,159407AAAAAAAAAAAAAAAAAAAAAAAAAAAAAA
1668,160582AAAAAAAAAAAAAAAAAAAAAAAAAAAAAA
9337,163293AAAAAAAAAAAAAAAAAAAAAAAAAAAAAA
11016,366aa52d-67cf-4f8a-bcef-095252b21e9e
7064,160583AAAAAAAAAAAAAAAAAAAAAAAAAAAAAA
1064,1064AAAAAAAAAAAAAAAAAAAAAAAAAAAAAAAA
7065,160588AAAAAAAAAAAAAAAAAAAAAAAAAAAAAA
6100,160584AAAAAAAAAAAAAAAAAAAAAAAAAAAAAA
9770,056AAAAAAAAAAAAAAAAAAAAAAAAAAAAAAAA
2033,159935AAAAAAAAAAAAAAAAAAAAAAAAAAAAAA
1648,160587AAAAAAAAAAAAAAAAAAAAAAAAAAAAAA
,5622AAAAAAAAAAAAAAAAAAAAAAAAAAAAAAAA
9803,5725724b-058b-45cc-9384-57221daa3a0d
1107,1107AAAAAAAAAAAAAAAAAAAAAAAAAAAAAAAA
1169,138571AAAAAAAAAAAAAAAAAAAAAAAAAAAAAA
,155589AAAAAAAAAAAAAAAAAAAAAAAAAAAAAA
9800,127750AAAAAAAAAAAAAAAAAAAAAAAAAAAAAA
,39fa4212-1210-49e0-ad62-d01090c1cf67
9772,42ad51f2-dc4f-48eb-8440-9a0bd8969374
1257,1257AAAAAAAAAAAAAAAAAAAAAAAAAAAAAAAA
1850,162904AAAAAAAAAAAAAAAAAAAAAAAAAAAAAA
,1256AAAAAAAAAAAAAAAAAAAAAAAAAAAAAAAA
1260,1260AAAAAAAAAAAAAAAAAAAAAAAAAAAAAAAA
12446,4b59ac07-cf72-4f46-b8c0-4f62b1779f7e
6451,159737AAAAAAAAAAAAAAAAAAAAAAAAAAAAAA
10269,141748AAAAAAAAAAAAAAAAAAAAAAAAAAAAAA
12445,167533AAAAAAAAAAAAAAAAAAAAAAAAAAAAAA
1664,121760AAAAAAAAAAAAAAAAAAAAAAAAAAAAAA
7043,160662AAAAAAAAAAAAAAAAAAAAAAAAAAAAAA
,68bfa3f3-1fc7-4d9d-bb41-e897c3c430ef
9773,1417AAAAAAAAAAAAAAAAAAAAAAAAAAAAAAAA
1065,1065AAAAAAAAAAAAAAAAAAAAAAAAAAAAAAAA
1066,1066AAAAAAAAAAAAAAAAAAAAAAAAAAAAAAAA
12443,166866AAAAAAAAAAAAAAAAAAAAAAAAAAAAAA
12430,cb583a50-2b6c-4a6a-a458-a6a3c41fa1a7
12433,58ed1f26-430f-4922-9bcf-00c51ec7bcb1
12432,b3f6eab2-93bd-4fe0-81ce-5b7ec633a55a
12431,5424AAAAAAAAAAAAAAAAAAAAAAAAAAAAAAAA
9774,164515AAAAAAAAAAAAAAAAAAAAAAAAAAAAAA
1400,161364AAAAAAAAAAAAAAAAAAAAAAAAAAAAAA
802,84795AAAAAAAAAAAAAAAAAAAAAAAAAAAAAAA
6180,104567AAAAAAAAAAAAAAAAAAAAAAAAAAAAAA
,164433AAAAAAAAAAAAAAAAAAAAAAAAAAAAAA
,159777AAAAAAAAAAAAAAAAAAAAAAAAAAAAAA
1065,1065AAAAAAAAAAAAAAAAAAAAAAAAAAAAAAAA
1066,1066AAAAAAAAAAAAAAAAAAAAAAAAAAAAAAAA
8706,771638d9-9600-4a6b-8e5d-c6dcdedbc9cd
10488,7bfe041e-e921-4798-b9fd-a8f222a56be2
1065,1065AAAAAAAAAAAAAAAAAAAAAAAAAAAAAAAA
1066,1066AAAAAAAAAAAAAAAAAAAAAAAAAAAAAAAA
