amrs_concept_id,kenyaemr_concept_uuid,Category
3,121629AAAAAAAAAAAAAAAAAAAAAAAAAAAAAA,
12,12AAAAAAAAAAAAAAAAAAAAAAAAAAAAAAAAAA,
16,142412AAAAAAAAAAAAAAAAAAAAAAAAAAAAAA,
36,36AAAAAAAAAAAAAAAAAAAAAAAAAAAAAAAAAA,
42,42AAAAAAAAAAAAAAAAAAAAAAAAAAAAAAAAAA,
58,112141AAAAAAAAAAAAAAAAAAAAAAAAAAAAAA,
70,120860AAAAAAAAAAAAAAAAAAAAAAAAAAAAAA,
92,74250AAAAAAAAAAAAAAAAAAAAAAAAAAAAAAA,
98,73300AAAAAAAAAAAAAAAAAAAAAAAAAAAAAAA,
102,102AAAAAAAAAAAAAAAAAAAAAAAAAAAAAAAAA,
105,105AAAAAAAAAAAAAAAAAAAAAAAAAAAAAAAAA,
106,106AAAAAAAAAAAAAAAAAAAAAAAAAAAAAAAAA,
107,143264AAAAAAAAAAAAAAAAAAAAAAAAAAAAAA,
108,108AAAAAAAAAAAAAAAAAAAAAAAAAAAAAAAAA,
116,148432AAAAAAAAAAAAAAAAAAAAAAAAAAAAAA,
121,121AAAAAAAAAAAAAAAAAAAAAAAAAAAAAAAAA,
131,119558AAAAAAAAAAAAAAAAAAAAAAAAAAAAAA,
136,120749AAAAAAAAAAAAAAAAAAAAAAAAAAAAAA,
138,150555AAAAAAAAAAAAAAAAAAAAAAAAAAAAAA,
150,158843AAAAAAAAAAAAAAAAAAAAAAAAAAAAAA,
151,151AAAAAAAAAAAAAAAAAAAAAAAAAAAAAAAAA,
159,160432AAAAAAAAAAAAAAAAAAAAAAAAAAAAAA,
161,135488AAAAAAAAAAAAAAAAAAAAAAAAAAAAAA,
173,133499AAAAAAAAAAAAAAAAAAAAAAAAAAAAAA,
175,119481AAAAAAAAAAAAAAAAAAAAAAAAAAAAAA,
190,190AAAAAAAAAAAAAAAAAAAAAAAAAAAAAAAAA,
206,113054AAAAAAAAAAAAAAAAAAAAAAAAAAAAAA,
207,119537AAAAAAAAAAAAAAAAAAAAAAAAAAAAAA,
215,136443AAAAAAAAAAAAAAAAAAAAAAAAAAAAAA,
222,126423AAAAAAAAAAAAAAAAAAAAAAAAAAAAAA,
270,84893AAAAAAAAAAAAAAAAAAAAAAAAAAAAAAA,
272,162302AAAAAAAAAAAAAAAAAAAAAAAAAAAAAA,
273,82023AAAAAAAAAAAAAAAAAAAAAAAAAAAAAAA,
307,307AAAAAAAAAAAAAAAAAAAAAAAAAAAAAAAAA,
374,374AAAAAAAAAAAAAAAAAAAAAAAAAAAAAAAAA,
438,84360AAAAAAAAAAAAAAAAAAAAAAAAAAAAAAA,
456,148035AAAAAAAAAAAAAAAAAAAAAAAAAAAAAA,
460,460AAAAAAAAAAAAAAAAAAAAAAAAAAAAAAAAA,
507,507AAAAAAAAAAAAAAAAAAAAAAAAAAAAAAAAA,
512,512AAAAAAAAAAAAAAAAAAAAAAAAAAAAAAAAA,
516,516AAAAAAAAAAAAAAAAAAAAAAAAAAAAAAAAA,
562,562AAAAAAAAAAAAAAAAAAAAAAAAAAAAAAAAA,
589,143050AAAAAAAAAAAAAAAAAAAAAAAAAAAAAA,
620,139084AAAAAAAAAAAAAAAAAAAAAAAAAAAAAA,
625,84309AAAAAAAAAAAAAAAAAAAAAAAAAAAAAAA,
631,80586AAAAAAAAAAAAAAAAAAAAAAAAAAAAAAA,
633,75523AAAAAAAAAAAAAAAAAAAAAAAAAAAAAAA,
656,78280AAAAAAAAAAAAAAAAAAAAAAAAAAAAAAA,
664,664AAAAAAAAAAAAAAAAAAAAAAAAAAAAAAAAA,
703,703AAAAAAAAAAAAAAAAAAAAAAAAAAAAAAAAA,
745,75948AAAAAAAAAAAAAAAAAAAAAAAAAAAAAAA,
767,767AAAAAAAAAAAAAAAAAAAAAAAAAAAAAAAAA,
768,768AAAAAAAAAAAAAAAAAAAAAAAAAAAAAAAAA,
780,780AAAAAAAAAAAAAAAAAAAAAAAAAAAAAAAAA,
782,782AAAAAAAAAAAAAAAAAAAAAAAAAAAAAAAAA,
784,81724AAAAAAAAAAAAAAAAAAAAAAAAAAAAAAA,
792,792AAAAAAAAAAAAAAAAAAAAAAAAAAAAAAAAA,HIV Enrollment
794,794AAAAAAAAAAAAAAAAAAAAAAAAAAAAAAAAA,
796,74807AAAAAAAAAAAAAAAAAAAAAAAAAAAAAAA,
797,86663AAAAAAAAAAAAAAAAAAAAAAAAAAAAAAA,
802,84795AAAAAAAAAAAAAAAAAAAAAAAAAAAAAAA,
814,70056AAAAAAAAAAAAAAAAAAAAAAAAAAAAAAA,
817,817AAAAAAAAAAAAAAAAAAAAAAAAAAAAAAAAA,
823,823AAAAAAAAAAAAAAAAAAAAAAAAAAAAAAAAA,
825,825AAAAAAAAAAAAAAAAAAAAAAAAAAAAAAAAA,
832,832AAAAAAAAAAAAAAAAAAAAAAAAAAAAAAAAA,
836,117543AAAAAAAAAAAAAAAAAAAAAAAAAAAAAA,
840,840AAAAAAAAAAAAAAAAAAAAAAAAAAAAAAAAA,
868,135595AAAAAAAAAAAAAAAAAAAAAAAAAAAAAA,
871,871AAAAAAAAAAAAAAAAAAAAAAAAAAAAAAAAA,
879,879AAAAAAAAAAAAAAAAAAAAAAAAAAAAAAAAA,
880,113224AAAAAAAAAAAAAAAAAAAAAAAAAAAAAA,
881,118789AAAAAAAAAAAAAAAAAAAAAAAAAAAAAA,
882,130021AAAAAAAAAAAAAAAAAAAAAAAAAAAAAA,
886,886AAAAAAAAAAAAAAAAAAAAAAAAAAAAAAAAA,
903,117399AAAAAAAAAAAAAAAAAAAAAAAAAAAAAA,
916,105281AAAAAAAAAAAAAAAAAAAAAAAAAAAAAA,
920,72822AAAAAAAAAAAAAAAAAAAAAAAAAAAAAAA,
929,77675AAAAAAAAAAAAAAAAAAAAAAAAAAAAAAA,
947,118536AAAAAAAAAAAAAAAAAAAAAAAAAAAAAA,
965,965AAAAAAAAAAAAAAAAAAAAAAAAAAAAAAAAA,
966,966AAAAAAAAAAAAAAAAAAAAAAAAAAAAAAAAA,
972,972AAAAAAAAAAAAAAAAAAAAAAAAAAAAAAAAA,
973,973AAAAAAAAAAAAAAAAAAAAAAAAAAAAAAAAA,
978,978AAAAAAAAAAAAAAAAAAAAAAAAAAAAAAAAA,
981,981AAAAAAAAAAAAAAAAAAAAAAAAAAAAAAAAA,
990,990AAAAAAAAAAAAAAAAAAAAAAAAAAAAAAAAA,
991,142630AAAAAAAAAAAAAAAAAAAAAAAAAAAAAA,
1065,1065AAAAAAAAAAAAAAAAAAAAAAAAAAAAAAAA,
1066,1066AAAAAAAAAAAAAAAAAAAAAAAAAAAAAAAA,
1067,1067AAAAAAAAAAAAAAAAAAAAAAAAAAAAAAAA,
1088,1088AAAAAAAAAAAAAAAAAAAAAAAAAAAAAAAA,
1107,1107AAAAAAAAAAAAAAAAAAAAAAAAAAAAAAAA,
1108,1108AAAAAAAAAAAAAAAAAAAAAAAAAAAAAAAA,
1109,1109AAAAAAAAAAAAAAAAAAAAAAAAAAAAAAAA,
1111,1111AAAAAAAAAAAAAAAAAAAAAAAAAAAAAAAA,
1113,1113AAAAAAAAAAAAAAAAAAAAAAAAAAAAAAAA,
1115,1115AAAAAAAAAAAAAAAAAAAAAAAAAAAAAAAA,
1116,1116AAAAAAAAAAAAAAAAAAAAAAAAAAAAAAAA,
1118,1118AAAAAAAAAAAAAAAAAAAAAAAAAAAAAAAA,
1119,162737AAAAAAAAAAAAAAAAAAAAAAAAAAAAAA,
1120,1120AAAAAAAAAAAAAAAAAAAAAAAAAAAAAAAA,
1123,1123AAAAAAAAAAAAAAAAAAAAAAAAAAAAAAAA,
1124,1124AAAAAAAAAAAAAAAAAAAAAAAAAAAAAAAA,
1125,1125AAAAAAAAAAAAAAAAAAAAAAAAAAAAAAAA,
1126,1126AAAAAAAAAAAAAAAAAAAAAAAAAAAAAAAA,
1128,1128AAAAAAAAAAAAAAAAAAAAAAAAAAAAAAAA,
1129,752132fb-235c-45cd-8914-854c388e358f,
1131,1131AAAAAAAAAAAAAAAAAAAAAAAAAAAAAAAA,
1138,1138AAAAAAAAAAAAAAAAAAAAAAAAAAAAAAAA,
1142,1142AAAAAAAAAAAAAAAAAAAAAAAAAAAAAAAA,
1148,1148AAAAAAAAAAAAAAAAAAAAAAAAAAAAAAAA,
1169,138571AAAAAAAAAAAAAAAAAAAAAAAAAAAAAA,
1174,1174AAAAAAAAAAAAAAAAAAAAAAAAAAAAAAAA,
1175,1175AAAAAAAAAAAAAAAAAAAAAAAAAAAAAAAA,
1185,1185AAAAAAAAAAAAAAAAAAAAAAAAAAAAAAAA,
1193,1193AAAAAAAAAAAAAAAAAAAAAAAAAAAAAAAA,
1194,1194AAAAAAAAAAAAAAAAAAAAAAAAAAAAAAAA,
1198,1198AAAAAAAAAAAAAAAAAAAAAAAAAAAAAAAA,
1204,1204AAAAAAAAAAAAAAAAAAAAAAAAAAAAAAAA,
1205,1205AAAAAAAAAAAAAAAAAAAAAAAAAAAAAAAA,
1206,1206AAAAAAAAAAAAAAAAAAAAAAAAAAAAAAAA,
1207,1207AAAAAAAAAAAAAAAAAAAAAAAAAAAAAAAA,
1210,1210AAAAAAAAAAAAAAAAAAAAAAAAAAAAAAAA,
1212,1212AAAAAAAAAAAAAAAAAAAAAAAAAAAAAAAA,
1215,1215AAAAAAAAAAAAAAAAAAAAAAAAAAAAAAAA,
1220,1220AAAAAAAAAAAAAAAAAAAAAAAAAAAAAAAA,
1221,1221AAAAAAAAAAAAAAAAAAAAAAAAAAAAAAAA,
1222,1222AAAAAAAAAAAAAAAAAAAAAAAAAAAAAAAA,
1223,1223AAAAAAAAAAAAAAAAAAAAAAAAAAAAAAAA,
1246,1246AAAAAAAAAAAAAAAAAAAAAAAAAAAAAAAA,
1249,1249AAAAAAAAAAAAAAAAAAAAAAAAAAAAAAAA,
1257,1257AAAAAAAAAAAAAAAAAAAAAAAAAAAAAAAA,
1258,1258AAAAAAAAAAAAAAAAAAAAAAAAAAAAAAAA,
1259,1259AAAAAAAAAAAAAAAAAAAAAAAAAAAAAAAA,
1260,1260AAAAAAAAAAAAAAAAAAAAAAAAAAAAAAAA,
1266,1266AAAAAAAAAAAAAAAAAAAAAAAAAAAAAAAA,
1267,1267AAAAAAAAAAAAAAAAAAAAAAAAAAAAAAAA,
1271,1271AAAAAAAAAAAAAAAAAAAAAAAAAAAAAAAA,
1272,1272AAAAAAAAAAAAAAAAAAAAAAAAAAAAAAAA,EAC
1283,1283AAAAAAAAAAAAAAAAAAAAAAAAAAAAAAAA,
1294,1294AAAAAAAAAAAAAAAAAAAAAAAAAAAAAAAA,
1295,1295AAAAAAAAAAAAAAAAAAAAAAAAAAAAAAAA,
1302,1302AAAAAAAAAAAAAAAAAAAAAAAAAAAAAAAA,
1343,1343AAAAAAAAAAAAAAAAAAAAAAAAAAAAAAAA,
1410,160639AAAAAAAAAAAAAAAAAAAAAAAAAAAAAA,
1412,161643AAAAAAAAAAAAAAAAAAAAAAAAAAAAAA,
1435,146513AAAAAAAAAAAAAAAAAAAAAAAAAAAAAA,
1439,117829AAAAAAAAAAAAAAAAAAAAAAAAAAAAAA,
1441,148762AAAAAAAAAAAAAAAAAAAAAAAAAAAAAA,
1443,121543AAAAAAAAAAAAAAAAAAAAAAAAAAAAAA,
1447,139505AAAAAAAAAAAAAAAAAAAAAAAAAAAAAA,
1468,124601AAAAAAAAAAAAAAAAAAAAAAAAAAAAAA,
1471,153701AAAAAAAAAAAAAAAAAAAAAAAAAAAAAA,
1480,132652AAAAAAAAAAAAAAAAAAAAAAAAAAAAAA,
1486,116214AAAAAAAAAAAAAAAAAAAAAAAAAAAAAA,
1499,159599AAAAAAAAAAAAAAAAAAAAAAAAAAAAAA,
1516,114662AAAAAAAAAAAAAAAAAAAAAAAAAAAAAA,
1530,120148AAAAAAAAAAAAAAAAAAAAAAAAAAAAAA,
1552,166541AAAAAAAAAAAAAAAAAAAAAAAAAAAAAA,
1558,a55f9516-ddb6-47ec-b10d-cb99d1d0bd41,
1561,688f487b-0c2e-4ad8-89bf-881101762cce,
1573,1599AAAAAAAAAAAAAAAAAAAAAAAAAAAAAAAA,
1575,162192AAAAAAAAAAAAAAAAAAAAAAAAAAAAAA,
1587,6c91dbf1-030d-4946-a45d-6f747f6c867b,
1593,160034AAAAAAAAAAAAAAAAAAAAAAAAAAAAAA,
1594,159492AAAAAAAAAAAAAAAAAAAAAAAAAAAAAA,
1629,7a58e4da-3544-457b-84eb-014f65a01d83,
1633,160533AAAAAAAAAAAAAAAAAAAAAAAAAAAAAA,
1639,1639AAAAAAAAAAAAAAAAAAAAAAAAAAAAAAAA,
1652,159786AAAAAAAAAAAAAAAAAAAAAAAAAAAAAA,
1658,1658AAAAAAAAAAAAAAAAAAAAAAAAAAAAAAAA,
1664,121764AAAAAAAAAAAAAAAAAAAAAAAAAAAAAA,
1669,5617AAAAAAAAAAAAAAAAAAAAAAAAAAAAAAAA,
1672,1527AAAAAAAAAAAAAAAAAAAAAAAAAAAAAAAA,
1724,423c034e-14ac-4243-ae75-80d1daddce55,
1724,1687AAAAAAAAAAAAAAAAAAAAAAAAAAAAAAAA,
1743,1743AAAAAAAAAAAAAAAAAAAAAAAAAAAAAAAA,
1762,162546AAAAAAAAAAAAAAAAAAAAAAAAAAAAAA,
1764,162545AAAAAAAAAAAAAAAAAAAAAAAAAAAAAA,
1779,1779AAAAAAAAAAAAAAAAAAAAAAAAAAAAAAAA,
1794,164349AAAAAAAAAAAAAAAAAAAAAAAAAAAAAA,
1832,160579AAAAAAAAAAAAAAAAAAAAAAAAAAAAAA,
1835,160288AAAAAAAAAAAAAAAAAAAAAAAAAAAAAA,
1836,1645AAAAAAAAAAAAAAAAAAAAAAAAAAAAAAAA,
1915,160632AAAAAAAAAAAAAAAAAAAAAAAAAAAAAA,
1965,160542AAAAAAAAAAAAAAAAAAAAAAAAAAAAAA,
2021,164500AAAAAAAAAAAAAAAAAAAAAAAAAAAAAA,
2028,163752AAAAAAAAAAAAAAAAAAAAAAAAAAAAAA,
2031,159935AAAAAAAAAAAAAAAAAAAAAAAAAAAAAA,
2049,159938AAAAAAAAAAAAAAAAAAAAAAAAAAAAAA,
2050,159937AAAAAAAAAAAAAAAAAAAAAAAAAAAAAA,
2056,5632AAAAAAAAAAAAAAAAAAAAAAAAAAAAAAAA,
2061,160596AAAAAAAAAAAAAAAAAAAAAAAAAAAAAA,
2090,1691AAAAAAAAAAAAAAAAAAAAAAAAAAAAAAAA,
2091,159912AAAAAAAAAAAAAAAAAAAAAAAAAAAAAA,
2092,113116AAAAAAAAAAAAAAAAAAAAAAAAAAAAAA,
2093,132387AAAAAAAAAAAAAAAAAAAAAAAAAAAAAA,
2115,137375AAAAAAAAAAAAAAAAAAAAAAAAAAAAAA,
2127,154119AAAAAAAAAAAAAAAAAAAAAAAAAAAAAA,
2139,143110AAAAAAAAAAAAAAAAAAAAAAAAAAAAAA,
2143,131357AAAAAAAAAAAAAAAAAAAAAAAAAAAAAA,
2149,116023AAAAAAAAAAAAAAAAAAAAAAAAAAAAAA,
2152,163712AAAAAAAAAAAAAAAAAAAAAAAAAAAAAA,
2153,153701AAAAAAAAAAAAAAAAAAAAAAAAAAAAAA,
2155,160741AAAAAAAAAAAAAAAAAAAAAAAAAAAAAA,
2161,159909AAAAAAAAAAAAAAAAAAAAAAAAAAAAAA,
2185,150915AAAAAAAAAAAAAAAAAAAAAAAAAAAAAA,
2210,159344AAAAAAAAAAAAAAAAAAAAAAAAAAAAAA,
2212,134722AAAAAAAAAAAAAAAAAAAAAAAAAAAAAA,
2215,148849AAAAAAAAAAAAAAAAAAAAAAAAAAAAAA,
2216,133440AAAAAAAAAAAAAAAAAAAAAAAAAAAAAA,
2217,136458AAAAAAAAAAAAAAAAAAAAAAAAAAAAAA,
2218,155941AAAAAAAAAAAAAAAAAAAAAAAAAAAAAA,
2224,5042AAAAAAAAAAAAAAAAAAAAAAAAAAAAAAAA,
2231,159851AAAAAAAAAAAAAAAAAAAAAAAAAAAAAA,
2240,162050AAAAAAAAAAAAAAAAAAAAAAAAAAAAAA,
2296,122496AAAAAAAAAAAAAAAAAAAAAAAAAAAAAA,
2312,161557AAAAAAAAAAAAAAAAAAAAAAAAAAAAAA,
2345,160523AAAAAAAAAAAAAAAAAAAAAAAAAAAAAA,
2376,147241AAAAAAAAAAAAAAAAAAAAAAAAAAAAAA,
2389,164848AAAAAAAAAAAAAAAAAAAAAAAAAAAAAA,
5008,5008AAAAAAAAAAAAAAAAAAAAAAAAAAAAAAAA,
5009,5009AAAAAAAAAAAAAAAAAAAAAAAAAAAAAAAA,
5012,5012AAAAAAAAAAAAAAAAAAAAAAAAAAAAAAAA,
5018,5018AAAAAAAAAAAAAAAAAAAAAAAAAAAAAAAA,
5024,135458AAAAAAAAAAAAAAAAAAAAAAAAAAAAAA,
5027,5027AAAAAAAAAAAAAAAAAAAAAAAAAAAAAAAA,
5033,5033AAAAAAAAAAAAAAAAAAAAAAAAAAAAAAAA,
5046,5046AAAAAAAAAAAAAAAAAAAAAAAAAAAAAAAA,
5085,5085AAAAAAAAAAAAAAAAAAAAAAAAAAAAAAAA,
5086,5086AAAAAAAAAAAAAAAAAAAAAAAAAAAAAAAA,
5087,5087AAAAAAAAAAAAAAAAAAAAAAAAAAAAAAAA,
5088,5088AAAAAAAAAAAAAAAAAAAAAAAAAAAAAAAA,
5089,5089AAAAAAAAAAAAAAAAAAAAAAAAAAAAAAAA,
5090,5090AAAAAAAAAAAAAAAAAAAAAAAAAAAAAAAA,
5092,5092AAAAAAAAAAAAAAAAAAAAAAAAAAAAAAAA,
5096,5096AAAAAAAAAAAAAAAAAAAAAAAAAAAAAAAA,
5096,163526AAAAAAAAAAAAAAAAAAAAAAAAAAAAAA,
5103,5103AAAAAAAAAAAAAAAAAAAAAAAAAAAAAAAA,
5105,5105AAAAAAAAAAAAAAAAAAAAAAAAAAAAAAAA,
5170,112721AAAAAAAAAAAAAAAAAAAAAAAAAAAAAA,
5176,130560AAAAAAAAAAAAAAAAAAAAAAAAAAAAAA,
5192,105191AAAAAAAAAAAAAAAAAAAAAAAAAAAAAA,
5209,5209AAAAAAAAAAAAAAAAAAAAAAAAAAAAAAAA,
5219,5219AAAAAAAAAAAAAAAAAAAAAAAAAAAAAAAA,
5240,5240AAAAAAAAAAAAAAAAAAAAAAAAAAAAAAAA,
5242,5242AAAAAAAAAAAAAAAAAAAAAAAAAAAAAAAA,
5244,5244AAAAAAAAAAAAAAAAAAAAAAAAAAAAAAAA,
5245,5245AAAAAAAAAAAAAAAAAAAAAAAAAAAAAAAA,
5261,5261AAAAAAAAAAAAAAAAAAAAAAAAAAAAAAAA,
5272,5272AAAAAAAAAAAAAAAAAAAAAAAAAAAAAAAA,
5275,5275AAAAAAAAAAAAAAAAAAAAAAAAAAAAAAAA,
5277,5277AAAAAAAAAAAAAAAAAAAAAAAAAAAAAAAA,
5278,5278AAAAAAAAAAAAAAAAAAAAAAAAAAAAAAAA,
5279,5279AAAAAAAAAAAAAAAAAAAAAAAAAAAAAAAA,
5327,5006AAAAAAAAAAAAAAAAAAAAAAAAAAAAAAAA,
5328,130364AAAAAAAAAAAAAAAAAAAAAAAAAAAAAA,
5330,5330AAAAAAAAAAAAAAAAAAAAAAAAAAAAAAAA,
5333,5333AAAAAAAAAAAAAAAAAAAAAAAAAAAAAAAA,
5334,5334AAAAAAAAAAAAAAAAAAAAAAAAAAAAAAAA,
5337,5337AAAAAAAAAAAAAAAAAAAAAAAAAAAAAAAA,
5354,160851AAAAAAAAAAAAAAAAAAAAAAAAAAAAAA,
5356,5356AAAAAAAAAAAAAAAAAAAAAAAAAAAAAAAA,
5596,5596AAAAAAAAAAAAAAAAAAAAAAAAAAAAAAAA,
5616,5616AAAAAAAAAAAAAAAAAAAAAAAAAAAAAAAA,
5617,5617AAAAAAAAAAAAAAAAAAAAAAAAAAAAAAAA,
5622,5622AAAAAAAAAAAAAAAAAAAAAAAAAAAAAAAA,
5624,5624AAAAAAAAAAAAAAAAAAAAAAAAAAAAAAAA,
5629,5629AAAAAAAAAAAAAAAAAAAAAAAAAAAAAAAA,
5632,5632AAAAAAAAAAAAAAAAAAAAAAAAAAAAAAAA,
5829,82900AAAAAAAAAAAAAAAAAAAAAAAAAAAAAAA,
5945,140238AAAAAAAAAAAAAAAAAAAAAAAAAAAAAA,
5949,116334AAAAAAAAAAAAAAAAAAAAAAAAAAAAAA,
5953,5953AAAAAAAAAAAAAAAAAAAAAAAAAAAAAAAA,
5978,5978AAAAAAAAAAAAAAAAAAAAAAAAAAAAAAAA,
5980,122983AAAAAAAAAAAAAAAAAAAAAAAAAAAAAA,
5993,123396AAAAAAAAAAAAAAAAAAAAAAAAAAAAAA,
5995,123529AAAAAAAAAAAAAAAAAAAAAAAAAAAAAA,
6006,120345AAAAAAAAAAAAAAAAAAAAAAAAAAAAAA,
6029,133027AAAAAAAAAAAAAAAAAAAAAAAAAAAAAA,
6034,133632AAAAAAAAAAAAAAAAAAAAAAAAAAAAAA,
6042,6042AAAAAAAAAAAAAAAAAAAAAAAAAAAAAAAA,
6048,167394AAAAAAAAAAAAAAAAAAAAAAAAAAAAAA,
6096,6096AAAAAAAAAAAAAAAAAAAAAAAAAAAAAAAA,
6098,6098AAAAAAAAAAAAAAAAAAAAAAAAAAAAAAAA,
6102,159836AAAAAAAAAAAAAAAAAAAAAAAAAAAAAA,
6103,159833AAAAAAAAAAAAAAAAAAAAAAAAAAAAAA,
6137,159392AAAAAAAAAAAAAAAAAAAAAAAAAAAAAA,
6159,71647AAAAAAAAAAAAAAAAAAAAAAAAAAAAAAA,
6162,159802AAAAAAAAAAAAAAAAAAAAAAAAAAAAAA,
6171,159799AAAAAAAAAAAAAAAAAAAAAAAAAAAAAA,
6173,1494AAAAAAAAAAAAAAAAAAAAAAAAAAAAAAAA,
6174,159800AAAAAAAAAAAAAAAAAAAAAAAAAAAAAA,
6176,159798AAAAAAAAAAAAAAAAAAAAAAAAAAAAAA,
6219,159524AAAAAAAAAAAAAAAAAAAAAAAAAAAAAA,
6237,139071AAAAAAAAAAAAAAAAAAAAAAAAAAAAAA,
6259,112603AAAAAAAAAAAAAAAAAAAAAAAAAAAAAA,
6287,159777AAAAAAAAAAAAAAAAAAAAAAAAAAAAAA,
6343,159405AAAAAAAAAAAAAAAAAAAAAAAAAAAAAA,
6394,1650AAAAAAAAAAAAAAAAAAAAAAAAAAAAAAAA,
6467,1652AAAAAAAAAAAAAAAAAAAAAAAAAAAAAAAA,
6476,162306AAAAAAAAAAAAAAAAAAAAAAAAAAAAAA,
6477,80106AAAAAAAAAAAAAAAAAAAAAAAAAAAAAAA,
6497,141631AAAAAAAAAAAAAAAAAAAAAAAAAAAAAA,
6578,160581AAAAAAAAAAAAAAAAAAAAAAAAAAAAAA,
6578,bf850dd4-309b-4cbd-9470-9d8110ea5550,
6595,162979AAAAAAAAAAAAAAAAAAAAAAAAAAAAAA,
6621,160737AAAAAAAAAAAAAAAAAAAAAAAAAAAAAA,
6639,135591AAAAAAAAAAAAAAAAAAAAAAAAAAAAAA,
6654,1423AAAAAAAAAAAAAAAAAAAAAAAAAAAAAAAA,
6655,159406AAAAAAAAAAAAAAAAAAAAAAAAAAAAAA,
6656,159407AAAAAAAAAAAAAAAAAAAAAAAAAAAAAA,
6667,131021AAAAAAAAAAAAAAAAAAAAAAAAAAAAAA,
6687,160575AAAAAAAAAAAAAAAAAAAAAAAAAAAAAA,
6700,1472AAAAAAAAAAAAAAAAAAAAAAAAAAAAAAAA,
6701,1489AAAAAAAAAAAAAAAAAAAAAAAAAAAAAAAA,
6725,160570AAAAAAAAAAAAAAAAAAAAAAAAAAAAAA,
6734,131034AAAAAAAAAAAAAAAAAAAAAAAAAAAAAA,
6748,162724AAAAAAAAAAAAAAAAAAAAAAAAAAAAAA,
6749,160540AAAAAAAAAAAAAAAAAAAAAAAAAAAAAA,
6750,161358AAAAAAAAAAAAAAAAAAAAAAAAAAAAAA,
6781,117703AAAAAAAAAAAAAAAAAAAAAAAAAAAAAA,
6793,160643AAAAAAAAAAAAAAAAAAAAAAAAAAAAAA,
6837,162819AAAAAAAAAAAAAAAAAAAAAAAAAAAAAA,
6895,114413AAAAAAAAAAAAAAAAAAAAAAAAAAAAAA,
6910,162171AAAAAAAAAAAAAAAAAAAAAAAAAAAAAA,
6957,162342AAAAAAAAAAAAAAAAAAAAAAAAAAAAAA,
6964,164505AAAAAAAAAAAAAAAAAAAAAAAAAAAAAA,
6966,162198AAAAAAAAAAAAAAAAAAAAAAAAAAAAAA,
6968,162760AAAAAAAAAAAAAAAAAAAAAAAAAAAAAA,
6971,142177AAAAAAAAAAAAAAAAAAAAAAAAAAAAAA,
6983,83352AAAAAAAAAAAAAAAAAAAAAAAAAAAAAAA,
7013,160555AAAAAAAAAAAAAAAAAAAAAAAAAAAAAA,
7064,160583AAAAAAAAAAAAAAAAAAAAAAAAAAAAAA,
7084,163723AAAAAAAAAAAAAAAAAAAAAAAAAAAAAA,
7222,163104AAAAAAAAAAAAAAAAAAAAAAAAAAAAAA,
7293,123919AAAAAAAAAAAAAAAAAAAAAAAAAAAAAA,
7308,164407AAAAAAAAAAAAAAAAAAAAAAAAAAAAAA,
7328,127777AAAAAAAAAAAAAAAAAAAAAAAAAAAAAA,
7343,163309AAAAAAAAAAAAAAAAAAAAAAAAAAAAAA,
7350,140941AAAAAAAAAAAAAAAAAAAAAAAAAAAAAA,
7362,1836AAAAAAAAAAAAAAAAAAAAAAAAAAAAAAAA,
7413,160721AAAAAAAAAAAAAAAAAAAAAAAAAAAAAA,
7444,124068AAAAAAAAAAAAAAAAAAAAAAAAAAAAAA,
7502,162275AAAAAAAAAAAAAAAAAAAAAAAAAAAAAA,
7584,77164AAAAAAAAAAAAAAAAAAAAAAAAAAAAAAA,
7637,161562AAAAAAAAAAAAAAAAAAAAAAAAAAAAAA,
7656,162189AAAAAAAAAAAAAAAAAAAAAAAAAAAAAA,
7755,148517AAAAAAAAAAAAAAAAAAAAAAAAAAAAAA,
7764,115115AAAAAAAAAAAAAAAAAAAAAAAAAAAAAA,
7886,123084AAAAAAAAAAAAAAAAAAAAAAAAAAAAAA,
7890,117321AAAAAAAAAAAAAAAAAAAAAAAAAAAAAA,
7897,1255AAAAAAAAAAAAAAAAAAAAAAAAAAAAAAAA,
7947,1823AAAAAAAAAAAAAAAAAAAAAAAAAAAAAAAA,
7954,148787AAAAAAAAAAAAAAAAAAAAAAAAAAAAAA,
7971,119270AAAAAAAAAAAAAAAAAAAAAAAAAAAAAA,
8000,141830AAAAAAAAAAAAAAAAAAAAAAAAAAAAAA,
8007,118976AAAAAAAAAAAAAAAAAAAAAAAAAAAAAA,
8045,147104AAAAAAAAAAAAAAAAAAAAAAAAAAAAAA,
8078,145438AAAAAAAAAAAAAAAAAAAAAAAAAAAAAA,
8139,111525AAAAAAAAAAAAAAAAAAAAAAAAAAAAAA,
8288,1658AAAAAAAAAAAAAAAAAAAAAAAAAAAAAAAA,
8292,1659AAAAAAAAAAAAAAAAAAAAAAAAAAAAAAAA,
8293,1729AAAAAAAAAAAAAAAAAAAAAAAAAAAAAAAA,
8299,160572AAAAAAAAAAAAAAAAAAAAAAAAAAAAAA,
8300,136163AAAAAAAAAAAAAAAAAAAAAAAAAAAAAA,
8340,138010AAAAAAAAAAAAAAAAAAAAAAAAAAAAAA,
8349,,160536AAAAAAAAAAAAAAAAAAAAAAAAAAAAAA
8350,160537AAAAAAAAAAAAAAAAAAAAAAAAAAAAAA,
8355,160653AAAAAAAAAAAAAAAAAAAAAAAAAAAAAA,
8356,1360AAAAAAAAAAAAAAAAAAAAAAAAAAAAAAAA,
8360,159382AAAAAAAAAAAAAAAAAAAAAAAAAAAAAA,
8394,121677AAAAAAAAAAAAAAAAAAAAAAAAAAAAAA,
8578,162331AAAAAAAAAAAAAAAAAAAAAAAAAAAAAA,
8601,162311AAAAAAAAAAAAAAAAAAAAAAAAAAAAAA,
8602,162277AAAAAAAAAAAAAAAAAAAAAAAAAAAAAA,
8607,159098AAAAAAAAAAAAAAAAAAAAAAAAAAAAAA,
8919,147230AAAAAAAAAAAAAAAAAAAAAAAAAAAAAA,
8933,85620AAAAAAAAAAAAAAAAAAAAAAAAAAAAAAA,
9025,161642AAAAAAAAAAAAAAAAAAAAAAAAAAAAAA,
9028,124994AAAAAAAAAAAAAAAAAAAAAAAAAAAAAA,
9050,162199AAAAAAAAAAAAAAAAAAAAAAAAAAAAAA,
9051,162200AAAAAAAAAAAAAAAAAAAAAAAAAAAAAA,
9052,160104AAAAAAAAAAAAAAAAAAAAAAAAAAAAAA,
9053,160124AAAAAAAAAAAAAAAAAAAAAAAAAAAAAA,
9055,162201AAAAAAAAAAAAAAAAAAAAAAAAAAAAAA,
9070,1855AAAAAAAAAAAAAAAAAAAAAAAAAAAAAAAA,
9082,160433AAAAAAAAAAAAAAAAAAAAAAAAAAAAAA,
9203,160554AAAAAAAAAAAAAAAAAAAAAAAAAAAAAA,
9318,164093AAAAAAAAAAAAAAAAAAAAAAAAAAAAAA,defaulter tracing
9320,af430c90-a512-43eb-aa91-50143c385304,
9435,651ca448-8ea9-4f17-9c98-62eafc40c7a3,
9461,112200AAAAAAAAAAAAAAAAAAAAAAAAAAAAAA,
9467,163042AAAAAAAAAAAAAAAAAAAAAAAAAAAAAA,
9471,163302AAAAAAAAAAAAAAAAAAAAAAAAAAAAAA,
9472,163303AAAAAAAAAAAAAAAAAAAAAAAAAAAAAA,
9605,162549AAAAAAAAAAAAAAAAAAAAAAAAAAAAAA,
9607,166536AAAAAAAAAAAAAAAAAAAAAAAAAAAAAA,
9609,d8262701-da92-455a-b206-23e5918871f6,
9611,161558AAAAAAAAAAAAAAAAAAAAAAAAAAAAAA,
9613,163488AAAAAAAAAAAAAAAAAAAAAAAAAAAAAA,
9736,b3b2fa9f-d4ac-42c1-8ac2-5cba19fa0403,
9742,c49549c5-f761-408b-bc71-c0ae1fd16b73,
9750,154311AAAAAAAAAAAAAAAAAAAAAAAAAAAAAA,
9782,cf543666-ce76-4e91-8b8d-c0b54a436a2e,
9783,5d308c8c-ad49-45e1-9885-e5d09a8e5587,
9784,160578AAAAAAAAAAAAAAAAAAAAAAAAAAAAAA,
9785,160578AAAAAAAAAAAAAAAAAAAAAAAAAAAAAA,
10085,95f73a05-7c52-4a8d-b3b1-f632a41d065d,
10102,167321AAAAAAAAAAAAAAAAAAAAAAAAAAAAAA,
10103,163088AAAAAAAAAAAAAAAAAAAAAAAAAAAAAA,
10104,6098AAAAAAAAAAAAAAAAAAAAAAAAAAAAAAAA,
10105,6c91dbf1-030d-4946-a45d-6f747f6c867b,
10106,162736AAAAAAAAAAAAAAAAAAAAAAAAAAAAAA,
10107,1743AAAAAAAAAAAAAAAAAAAAAAAAAAAAAAAA,
10108,1779AAAAAAAAAAAAAAAAAAAAAAAAAAAAAAAA,
10109,166365AAAAAAAAAAAAAAAAAAAAAAAAAAAAAA,
10116,160037AAAAAAAAAAAAAAAAAAAAAAAAAAAAAA,
10121,138554AAAAAAAAAAAAAAAAAAAAAAAAAAAAAA,
10239,162747AAAAAAAAAAAAAAAAAAAAAAAAAAAAAA,
10268,9fb85385-b4fb-468c-b7c1-22f75834b4b0,
10350,1801AAAAAAAAAAAAAAAAAAAAAAAAAAAAAAAA,
10363,116030AAAAAAAAAAAAAAAAAAAAAAAAAAAAAA,
10364,151522AAAAAAAAAAAAAAAAAAAAAAAAAAAAAA,
10365,162574AAAAAAAAAAAAAAAAAAAAAAAAAAAAAA,
10366,133481AAAAAAAAAAAAAAAAAAAAAAAAAAAAAA,
10367,1603AAAAAAAAAAAAAAAAAAAAAAAAAAAAAAAA,
10381,a869d37b-bf4d-4946-9318-15ff505211a5,
10400,06398e78-0d3e-43d5-8017-f2fc3865e2e0,
10518,0c6d1673-a620-476b-b381-ddbcb0eeffc7,
10530,4342d15d-22e2-456e-bbfd-16b42b2ec8c6,
10557,163339AAAAAAAAAAAAAAAAAAAAAAAAAAAAAA,
10591,1adbdc14-2324-4298-90d1-5b590c3cf094,
10647,164144AAAAAAAAAAAAAAAAAAAAAAAAAAAAAA,
10648,160551AAAAAAAAAAAAAAAAAAAAAAAAAAAAAA,
10649,160541AAAAAAAAAAAAAAAAAAAAAAAAAAAAAA,
10652,1693AAAAAAAAAAAAAAAAAAAAAAAAAAAAAAAA,
10653,160638AAAAAAAAAAAAAAAAAAAAAAAAAAAAAA,
10654,142917AAAAAAAAAAAAAAAAAAAAAAAAAAAAAA,
10655,119574AAAAAAAAAAAAAAAAAAAAAAAAAAAAAA,
10656,143129AAAAAAAAAAAAAAAAAAAAAAAAAAAAAA,
10657,141128AAAAAAAAAAAAAAAAAAAAAAAAAAAAAA,
10658,131040AAAAAAAAAAAAAAAAAAAAAAAAAAAAAA,
10659,114399AAAAAAAAAAAAAAAAAAAAAAAAAAAAAA,
10660,162626AAAAAAAAAAAAAAAAAAAAAAAAAAAAAA,
10661,140070AAAAAAAAAAAAAAAAAAAAAAAAAAAAAA,
10662,117698AAAAAAAAAAAAAAAAAAAAAAAAAAAAAA,
10663,112989AAAAAAAAAAAAAAAAAAAAAAAAAAAAAA,
10664,114395AAAAAAAAAAAAAAAAAAAAAAAAAAAAAA,
10665,121657AAAAAAAAAAAAAAAAAAAAAAAAAAAAAA,
10666,144576AAAAAAAAAAAAAAAAAAAAAAAAAAAAAA,
10667,131015AAAAAAAAAAAAAAAAAAAAAAAAAAAAAA,
10668,111721AAAAAAAAAAAAAAAAAAAAAAAAAAAAAA,
10669,133028AAAAAAAAAAAAAAAAAAAAAAAAAAAAAA,
10670,133469AAAAAAAAAAAAAAAAAAAAAAAAAAAAAA,
10671,132653AAAAAAAAAAAAAAAAAAAAAAAAAAAAAA,
10672,131032AAAAAAAAAAAAAAAAAAAAAAAAAAAAAA,
10673,126535AAAAAAAAAAAAAAAAAAAAAAAAAAAAAA,
10674,141597AAAAAAAAAAAAAAAAAAAAAAAAAAAAAA,
10675,160208AAAAAAAAAAAAAAAAAAAAAAAAAAAAAA,
10676,163414AAAAAAAAAAAAAAAAAAAAAAAAAAAAAA,
10677,162309AAAAAAAAAAAAAAAAAAAAAAAAAAAAAA,
10678,1660AAAAAAAAAAAAAAAAAAAAAAAAAAAAAAAA,
10679,162276AAAAAAAAAAAAAAAAAAAAAAAAAAAAAA,
10680,162278AAAAAAAAAAAAAAAAAAAAAAAAAAAAAA,
10681,160557AAAAAAAAAAAAAAAAAAAAAAAAAAAAAA,
10682,162543AAAAAAAAAAAAAAAAAAAAAAAAAAAAAA,
10683,72609AAAAAAAAAAAAAAAAAAAAAAAAAAAAAAA,
10684,162544AAAAAAAAAAAAAAAAAAAAAAAAAAAAAA,
10685,162547AAAAAAAAAAAAAAAAAAAAAAAAAAAAAA,
10686,162172AAAAAAAAAAAAAAAAAAAAAAAAAAAAAA,
10687,162175AAAAAAAAAAAAAAAAAAAAAAAAAAAAAA,
10688,162176AAAAAAAAAAAAAAAAAAAAAAAAAAAAAA,
10689,162548AAAAAAAAAAAAAAAAAAAAAAAAAAAAAA,
10690,162177AAAAAAAAAAAAAAAAAAAAAAAAAAAAAA,
10691,162542AAAAAAAAAAAAAAAAAAAAAAAAAAAAAA,
10692,162536AAAAAAAAAAAAAAAAAAAAAAAAAAAAAA,
10693,162537AAAAAAAAAAAAAAAAAAAAAAAAAAAAAA,
10694,162538AAAAAAAAAAAAAAAAAAAAAAAAAAAAAA,
10695,162539AAAAAAAAAAAAAAAAAAAAAAAAAAAAAA,
10696,162540AAAAAAAAAAAAAAAAAAAAAAAAAAAAAA,
10697,162541AAAAAAAAAAAAAAAAAAAAAAAAAAAAAA,
10698,148888AAAAAAAAAAAAAAAAAAAAAAAAAAAAAA,
10699,118773AAAAAAAAAAAAAAAAAAAAAAAAAAAAAA,
10700,140039AAAAAAAAAAAAAAAAAAAAAAAAAAAAAA,
10701,159347AAAAAAAAAAAAAAAAAAAAAAAAAAAAAA,
10702,160754AAAAAAAAAAAAAAAAAAAAAAAAAAAAAA,
10703,160755AAAAAAAAAAAAAAAAAAAAAAAAAAAAAA,
10704,160756AAAAAAAAAAAAAAAAAAAAAAAAAAAAAA,
10705,160758AAAAAAAAAAAAAAAAAAAAAAAAAAAAAA,
10706,160753AAAAAAAAAAAAAAAAAAAAAAAAAAAAAA,
10707,162877AAAAAAAAAAAAAAAAAAAAAAAAAAAAAA,
10708,160080AAAAAAAAAAAAAAAAAAAAAAAAAAAAAA,
10709,160652AAAAAAAAAAAAAAAAAAAAAAAAAAAAAA,
10710,140125AAAAAAAAAAAAAAAAAAAAAAAAAAAAAA,
10711,123074AAAAAAAAAAAAAAAAAAAAAAAAAAAAAA,
10712,140940AAAAAAAAAAAAAAAAAAAAAAAAAAAAAA,
10713,140827AAAAAAAAAAAAAAAAAAAAAAAAAAAAAA,
10714,139100AAAAAAAAAAAAAAAAAAAAAAAAAAAAAA,
10715,139075AAAAAAAAAAAAAAAAAAAAAAAAAAAAAA,
10716,135841AAAAAAAAAAAAAAAAAAAAAAAAAAAAAA,
10717,160285AAAAAAAAAAAAAAAAAAAAAAAAAAAAAA,
10718,110099AAAAAAAAAAAAAAAAAAAAAAAAAAAAAA,
10719,126318AAAAAAAAAAAAAAAAAAAAAAAAAAAAAA,
10720,123588AAAAAAAAAAAAAAAAAAAAAAAAAAAAAA,
10721,127639AAAAAAAAAAAAAAAAAAAAAAAAAAAAAA,
10722,140147AAAAAAAAAAAAAAAAAAAAAAAAAAAAAA,
10723,136522AAAAAAAAAAAAAAAAAAAAAAAAAAAAAA,
10724,136282AAAAAAAAAAAAAAAAAAAAAAAAAAAAAA,
10725,124087AAAAAAAAAAAAAAAAAAAAAAAAAAAAAA,
10726,159423AAAAAAAAAAAAAAAAAAAAAAAAAAAAAA,
10727,160430AAAAAAAAAAAAAAAAAAAAAAAAAAAAAA,
10728,160521AAAAAAAAAAAAAAAAAAAAAAAAAAAAAA,
10740,160539AAAAAAAAAAAAAAAAAAAAAAAAAAAAAA,
10741,160640AAAAAAAAAAAAAAAAAAAAAAAAAAAAAA,
10747,160534AAAAAAAAAAAAAAAAAAAAAAAAAAAAAA,
10748,160535AAAAAAAAAAAAAAAAAAAAAAAAAAAAAA,
10761,162202AAAAAAAAAAAAAAAAAAAAAAAAAAAAAA,
10762,162203AAAAAAAAAAAAAAAAAAAAAAAAAAAAAA,
10763,162204AAAAAAAAAAAAAAAAAAAAAAAAAAAAAA,
10764,164104AAAAAAAAAAAAAAAAAAAAAAAAAAAAAA,
10765,152526AAAAAAAAAAAAAAAAAAAAAAAAAAAAAA,
10766,163611AAAAAAAAAAAAAAAAAAAAAAAAAAAAAA,
10767,1662AAAAAAAAAAAAAAAAAAAAAAAAAAAAAAAA,
10785,159098AAAAAAAAAAAAAAAAAAAAAAAAAAAAAA,
10786,118983AAAAAAAAAAAAAAAAAAAAAAAAAAAAAA,
10787,512AAAAAAAAAAAAAAAAAAAAAAAAAAAAAAAAA,
10788,164075AAAAAAAAAAAAAAAAAAAAAAAAAAAAAA,
10791,eb113c76-aef8-4890-a611-fe22ba003123,
10793,160563AAAAAAAAAAAAAAAAAAAAAAAAAAAAAA,
10794,4bd29eed-e486-426d-a2b6-7e5bb75319f6,
10795,161361AAAAAAAAAAAAAAAAAAAAAAAAAAAAAA,
10796,104565AAAAAAAAAAAAAAAAAAAAAAAAAAAAAA,
10797,162565AAAAAAAAAAAAAAAAAAAAAAAAAAAAAA,
10798,162561AAAAAAAAAAAAAAAAAAAAAAAAAAAAAA,
10799,164511AAAAAAAAAAAAAAAAAAAAAAAAAAAAAA,
10800,164512AAAAAAAAAAAAAAAAAAAAAAAAAAAAAA,
10801,162563AAAAAAAAAAAAAAAAAAAAAAAAAAAAAA,
10802,162562AAAAAAAAAAAAAAAAAAAAAAAAAAAAAA,
10803,162559AAAAAAAAAAAAAAAAAAAAAAAAAAAAAA,
10805,163300AAAAAAAAAAAAAAAAAAAAAAAAAAAAAA,
10807,141585AAAAAAAAAAAAAAAAAAAAAAAAAAAAAA,
10808,142247AAAAAAAAAAAAAAAAAAAAAAAAAAAAAA,
10809,135462AAAAAAAAAAAAAAAAAAAAAAAAAAAAAA,
10810,116558AAAAAAAAAAAAAAAAAAAAAAAAAAAAAA,
10811,125198AAAAAAAAAAAAAAAAAAAAAAAAAAAAAA,
10812,139581AAAAAAAAAAAAAAAAAAAAAAAAAAAAAA,
10813,111061AAAAAAAAAAAAAAAAAAAAAAAAAAAAAA,
10814,163530AAAAAAAAAAAAAAAAAAAAAAAAAAAAAA,
10817,1359AAAAAAAAAAAAAAAAAAAAAAAAAAAAAAAA,
10818,126952AAAAAAAAAAAAAAAAAAAAAAAAAAAAAA,
10819,126939AAAAAAAAAAAAAAAAAAAAAAAAAAAAAA,
10820,125201AAAAAAAAAAAAAAAAAAAAAAAAAAAAAA,
10821,160981AAAAAAAAAAAAAAAAAAAAAAAAAAAAAA,
10822,152228AAAAAAAAAAAAAAAAAAAAAAAAAAAAAA,
10823,128055AAAAAAAAAAAAAAAAAAAAAAAAAAAAAA,
10824,146893AAAAAAAAAAAAAAAAAAAAAAAAAAAAAA,
10826,145712AAAAAAAAAAAAAAAAAAAAAAAAAAAAAA,
10827,164440AAAAAAAAAAAAAAAAAAAAAAAAAAAAAA,
10828,118872AAAAAAAAAAAAAAAAAAAAAAAAAAAAAA,
10829,150817AAAAAAAAAAAAAAAAAAAAAAAAAAAAAA,
10830,157498AAAAAAAAAAAAAAAAAAAAAAAAAAAAAA,
10831,161652AAAAAAAAAAAAAAAAAAAAAAAAAAAAAA,
10832,162229AAAAAAAAAAAAAAAAAAAAAAAAAAAAAA,
10833,f62b0135-00b1-4217-b98a-4ef3f771a08b,
10834,b463005c-29e5-4146-84fe-d5ddf0def837,
10845,f8fd8181-655e-4b32-97e3-4ae539c6de45,
10858,120291AAAAAAAAAAAAAAAAAAAAAAAAAAAAAA,
10860,151342AAAAAAAAAAAAAAAAAAAAAAAAAAAAAA,
10872,160641AAAAAAAAAAAAAAAAAAAAAAAAAAAAAA,
10873,160642AAAAAAAAAAAAAAAAAAAAAAAAAAAAAA,
10893,159368AAAAAAAAAAAAAAAAAAAAAAAAAAAAAA,
10935,155871AAAAAAAAAAAAAAAAAAAAAAAAAAAAAA,
10984,63da4194-a26a-4aa5-b5d5-4125b4822cf7,
10985,6dec7d7d-0fda-4e8d-8295-cb6ef426878d,
10986,4dc0119b-b2a6-4565-8d90-174b97ba31db,
10987,159615AAAAAAAAAAAAAAAAAAAAAAAAAAAAAA,
10988,1a2dba33-55d6-477a-b171-c09a489bc37f,
10989,7e18712d-8cda-49f5-bfeb-940406cc2e32,
10990,f55781c1-461c-4f44-b575-d87519d38c34,
10991,53447431-147e-4071-9c12-f6baf9463c2f,
10992,27b7ea34-4ea9-48b5-82a3-9981c430c808,
10993,3740fc18-bb23-4ddc-bba7-b010fba072b7,
10994,1639AAAAAAAAAAAAAAAAAAAAAAAAAAAAAAAA,
10995,163725AAAAAAAAAAAAAAAAAAAAAAAAAAAAAA,
10996,164435AAAAAAAAAAAAAAAAAAAAAAAAAAAAAA,
10999,164891AAAAAAAAAAAAAAAAAAAAAAAAAAAAAA,
11000,162846AAAAAAAAAAAAAAAAAAAAAAAAAAAAAA,
11001,163310AAAAAAAAAAAAAAAAAAAAAAAAAAAAAA,
11002,62c952eb-271d-46e5-9503-bb7445ce9744,
11003,f45c5118-5d98-4c73-b946-11242857709e,
11004,39a55450-b9a3-492f-8655-6824c37c5f99,
11005,55b0fb68-db04-44a3-91f0-7c9e7387549e,
11006,b440adac-be73-48c1-8f1b-238c0ace0d56,
11007,b437eaf0-92b2-4f78-87d0-1b14c5fa10a0,
11008,4b71fc6c-26c8-4fc3-a4e2-a2535110cf4d,
11009,5f23314e-71ee-4652-9b1c-4e0181794739,
11010,ad7a07fb-6b0c-4c5e-a953-0c748e2aa466,
11011,32d1e331-a5b2-4c28-91e3-cb24c5de9b17,
11012,c4c2f908-c3c9-4b09-bbd1-cf8af36a017e,
11013,d2293d8a-f265-46f9-80e3-5d6e1acc531e,
11014,7af21f8a-a51d-435c-a434-e62e07104b90,
11015,8e3af23c-cb62-45f8-96e3-e590672efa59,
11016,366aa52d-67cf-4f8a-bcef-095252b21e9e,
11018,1898AAAAAAAAAAAAAAAAAAAAAAAAAAAAAAAA,
11019,163108AAAAAAAAAAAAAAAAAAAAAAAAAAAAAA,
11020,708210ef-61c1-439c-8137-fe436c87cd11,
11027,162170AAAAAAAAAAAAAAAAAAAAAAAAAAAAAA,
11308,1727AAAAAAAAAAAAAAAAAAAAAAAAAAAAAAAA,
11443,115476AAAAAAAAAAAAAAAAAAAAAAAAAAAAAA,
11482,127784AAAAAAAAAAAAAAAAAAAAAAAAAAAAAA,
11593,148175AAAAAAAAAAAAAAAAAAAAAAAAAAAAAA,
11651,160119AAAAAAAAAAAAAAAAAAAAAAAAAAAAAA,
11654,160442AAAAAAAAAAAAAAAAAAAAAAAAAAAAAA,
11655,160515AAAAAAAAAAAAAAAAAAAAAAAAAAAAAA,
11679,1284AAAAAAAAAAAAAAAAAAAAAAAAAAAAAAAA,
11680,149019AAAAAAAAAAAAAAAAAAAAAAAAAAAAAA,
11681,153754AAAAAAAAAAAAAAAAAAAAAAAAAAAAAA,
11682,159351AAAAAAAAAAAAAAAAAAAAAAAAAAAAAA,
11683,120637AAAAAAAAAAAAAAAAAAAAAAAAAAAAAA,
11684,120576AAAAAAAAAAAAAAAAAAAAAAAAAAAAAA,
11685,119692AAAAAAAAAAAAAAAAAAAAAAAAAAAAAA,
11686,118631AAAAAAAAAAAAAAAAAAAAAAAAAAAAAA,
11687,117855AAAAAAAAAAAAAAAAAAAAAAAAAAAAAA,
11688,117789AAAAAAAAAAAAAAAAAAAAAAAAAAAAAA,
11689,115728AAAAAAAAAAAAAAAAAAAAAAAAAAAAAA,
11690,133687AAAAAAAAAAAAAAAAAAAAAAAAAAAAAA,
11692,162298AAAAAAAAAAAAAAAAAAAAAAAAAAAAAA,
11693,70878AAAAAAAAAAAAAAAAAAAAAAAAAAAAAAA,
11694,162299AAAAAAAAAAAAAAAAAAAAAAAAAAAAAA,
11695,103727AAAAAAAAAAAAAAAAAAAAAAAAAAAAAA,
11696,162301AAAAAAAAAAAAAAAAAAAAAAAAAAAAAA,
11697,73667AAAAAAAAAAAAAAAAAAAAAAAAAAAAAAA,
11698,80696AAAAAAAAAAAAAAAAAAAAAAAAAAAAAAA,
11699,81723AAAAAAAAAAAAAAAAAAAAAAAAAAAAAAA,
11700,81959AAAAAAAAAAAAAAAAAAAAAAAAAAAAAAA,
11701,82559AAAAAAAAAAAAAAAAAAAAAAAAAAAAAAA,
11702,83018AAAAAAAAAAAAAAAAAAAAAAAAAAAAAAA,
11703,162307AAAAAAAAAAAAAAAAAAAAAAAAAAAAAA,
11705,850a960b-e8b5-4775-ba74-aaddb2abbf51,
11711,160716AAAAAAAAAAAAAAAAAAAAAAAAAAAAAA,
11724,e7f1b3a9-febb-4ece-abbe-df8de4912670,
11930,166607AAAAAAAAAAAAAAAAAAAAAAAAAAAAAA,
11938,163488AAAAAAAAAAAAAAAAAAAAAAAAAAAAAA,
12253,1719AAAAAAAAAAAAAAAAAAAAAAAAAAAAAAAA,
12258,c67be9a5-f497-4082-af81-11753f65ed4b,
12382,166365AAAAAAAAAAAAAAAAAAAAAAAAAAAAAA,
12384,167161AAAAAAAAAAAAAAAAAAAAAAAAAAAAAA,
159405,159405AAAAAAAAAAAAAAAAAAAAAAAAAAAAAA,
159407,159407AAAAAAAAAAAAAAAAAAAAAAAAAAAAAA,
163794,163794AAAAAAAAAAAAAAAAAAAAAAAAAAAAAA,
